2026-07-04 15:33:33,785 | INFO | Loading dataset...
2026-07-04 15:33:33,848 | INFO | Dataset Loaded : 6642 rows
2026-07-04 15:33:33,848 | INFO | Checking required columns...
2026-07-04 15:33:33,848 | INFO | Column Validation Passed
2026-07-04 15:33:33,850 | INFO | Checking Missing Values
2026-07-04 15:46:34,427 | INFO | Loading dataset...
2026-07-04 15:46:34,486 | INFO | Dataset Loaded : 6642 rows
2026-07-04 15:46:34,487 | INFO | Checking required columns...
2026-07-04 15:46:34,487 | INFO | Column Validation Passed
2026-07-04 15:46:34,489 | INFO | Checking Missing Values
2026-07-04 15:46:34,499 | INFO | Generating Dataset Profile...
2026-07-04 15:53:29,233 | INFO | Loading dataset...
2026-07-04 15:53:29,287 | INFO | Dataset Loaded : 6642 rows
2026-07-04 15:53:29,287 | INFO | Checking required columns...
2026-07-04 15:53:29,287 | INFO | Column Validation Passed
2026-07-04 15:53:29,290 | INFO | Checking Missing Values
2026-07-04 15:53:29,304 | INFO | Generating Dataset Profile...
2026-07-04 15:53:29,344 | INFO | Profile saved at reports/dataset_profile.json
2026-07-04 16:08:38,955 | INFO | ============================================================
2026-07-04 16:08:38,956 | INFO | Loading Internship Dataset
2026-07-04 16:08:38,956 | INFO | ============================================================
2026-07-04 16:08:39,006 | INFO | Dataset Loaded Successfully
2026-07-04 16:08:39,007 | INFO | Rows    : 6642
2026-07-04 16:08:39,007 | INFO | Columns : 15
2026-07-04 16:10:56,692 | INFO | ============================================================
2026-07-04 16:10:56,692 | INFO | Loading Internship Dataset
2026-07-04 16:10:56,693 | INFO | ============================================================
2026-07-04 16:10:56,814 | INFO | Dataset Loaded Successfully
2026-07-04 16:10:56,814 | INFO | Rows    : 6642
2026-07-04 16:10:56,814 | INFO | Columns : 15
2026-07-04 16:10:56,814 | INFO | ============================================================
2026-07-04 16:10:56,815 | INFO | Running Dataset Validation
2026-07-04 16:10:56,815 | INFO | ============================================================
2026-07-04 16:10:56,815 | INFO | Checking Empty Dataset...
2026-07-04 16:10:56,815 | INFO | Dataset is Valid
2026-07-04 16:10:56,815 | INFO | Validating Required Columns...
2026-07-04 16:10:56,815 | INFO | Required Column Validation Passed
2026-07-04 16:10:56,816 | INFO | Generating Dataset Summary...
2026-07-04 16:10:56,818 | INFO | Checking Missing Values...
2026-07-04 16:10:56,820 | INFO | Checking Duplicates...
2026-07-04 16:10:56,830 | INFO | Validation Completed Successfully
2026-07-04 16:13:01,441 | INFO | ============================================================
2026-07-04 16:13:01,441 | INFO | Loading Internship Dataset
2026-07-04 16:13:01,441 | INFO | ============================================================
2026-07-04 16:13:01,527 | INFO | Dataset Loaded Successfully
2026-07-04 16:13:01,527 | INFO | Rows    : 6642
2026-07-04 16:13:01,527 | INFO | Columns : 15
2026-07-04 16:13:01,527 | INFO | ============================================================
2026-07-04 16:13:01,527 | INFO | Running Dataset Validation
2026-07-04 16:13:01,527 | INFO | ============================================================
2026-07-04 16:13:01,527 | INFO | Checking Empty Dataset...
2026-07-04 16:13:01,528 | INFO | Dataset is Valid
2026-07-04 16:13:01,528 | INFO | Validating Required Columns...
2026-07-04 16:13:01,528 | INFO | Required Column Validation Passed
2026-07-04 16:13:01,528 | INFO | Generating Dataset Summary...
2026-07-04 16:13:01,531 | INFO | Checking Missing Values...
2026-07-04 16:13:01,533 | INFO | Checking Duplicates...
2026-07-04 16:13:01,546 | INFO | Validation Completed Successfully
2026-07-04 16:17:38,557 | INFO | ============================================================
2026-07-04 16:17:38,557 | INFO | Loading Internship Dataset
2026-07-04 16:17:38,557 | INFO | ============================================================
2026-07-04 16:17:38,639 | INFO | Dataset Loaded Successfully
2026-07-04 16:17:38,639 | INFO | Rows    : 6642
2026-07-04 16:17:38,639 | INFO | Columns : 15
2026-07-04 16:17:38,639 | INFO | ============================================================
2026-07-04 16:17:38,639 | INFO | Running Dataset Validation
2026-07-04 16:17:38,640 | INFO | ============================================================
2026-07-04 16:17:38,640 | INFO | Checking Empty Dataset...
2026-07-04 16:17:38,640 | INFO | Dataset is Valid
2026-07-04 16:17:38,640 | INFO | Validating Required Columns...
2026-07-04 16:17:38,640 | INFO | Required Column Validation Passed
2026-07-04 16:17:38,640 | INFO | Generating Dataset Summary...
2026-07-04 16:17:38,643 | INFO | Checking Missing Values...
2026-07-04 16:17:38,645 | INFO | Checking Duplicates...
2026-07-04 16:17:38,655 | INFO | Validation Completed Successfully
2026-07-04 16:17:38,656 | INFO | ============================================================
2026-07-04 16:17:38,656 | INFO | Transforming Dataset
2026-07-04 16:17:38,657 | INFO | ============================================================
2026-07-04 16:21:07,573 | INFO | ============================================================
2026-07-04 16:21:07,573 | INFO | Loading Internship Dataset
2026-07-04 16:21:07,573 | INFO | ============================================================
2026-07-04 16:21:07,851 | INFO | Dataset Loaded Successfully
2026-07-04 16:21:07,855 | INFO | Rows    : 6642
2026-07-04 16:21:07,856 | INFO | Columns : 15
2026-07-04 16:21:07,859 | INFO | ============================================================
2026-07-04 16:21:07,862 | INFO | Running Dataset Validation
2026-07-04 16:21:07,862 | INFO | ============================================================
2026-07-04 16:21:07,864 | INFO | Checking Empty Dataset...
2026-07-04 16:21:07,864 | INFO | Dataset is Valid
2026-07-04 16:21:07,866 | INFO | Validating Required Columns...
2026-07-04 16:21:07,866 | INFO | Required Column Validation Passed
2026-07-04 16:21:07,879 | INFO | Generating Dataset Summary...
2026-07-04 16:21:07,900 | INFO | Checking Missing Values...
2026-07-04 16:21:07,905 | INFO | Checking Duplicates...
2026-07-04 16:21:07,922 | INFO | Validation Completed Successfully
2026-07-04 16:21:07,925 | INFO | ============================================================
2026-07-04 16:21:07,927 | INFO | Transforming Dataset
2026-07-04 16:21:07,927 | INFO | ============================================================
2026-07-04 16:21:09,252 | INFO | Dataset Transformation Completed
2026-07-04 16:27:17,231 | INFO | ============================================================
2026-07-04 16:27:17,231 | INFO | Loading Internship Dataset
2026-07-04 16:27:17,231 | INFO | ============================================================
2026-07-04 16:27:17,331 | INFO | Dataset Loaded Successfully
2026-07-04 16:27:17,331 | INFO | Rows    : 6642
2026-07-04 16:27:17,331 | INFO | Columns : 15
2026-07-04 16:27:17,332 | INFO | ============================================================
2026-07-04 16:27:17,332 | INFO | Running Dataset Validation
2026-07-04 16:27:17,332 | INFO | ============================================================
2026-07-04 16:27:17,332 | INFO | Checking Empty Dataset...
2026-07-04 16:27:17,333 | INFO | Dataset is Valid
2026-07-04 16:27:17,333 | INFO | Validating Required Columns...
2026-07-04 16:27:17,333 | INFO | Required Column Validation Passed
2026-07-04 16:27:17,334 | INFO | Generating Dataset Summary...
2026-07-04 16:27:17,337 | INFO | Checking Missing Values...
2026-07-04 16:27:17,339 | INFO | Checking Duplicates...
2026-07-04 16:27:17,352 | INFO | Validation Completed Successfully
2026-07-04 16:27:17,355 | INFO | ============================================================
2026-07-04 16:27:17,355 | INFO | Transforming Dataset
2026-07-04 16:27:17,355 | INFO | ============================================================
2026-07-04 16:27:18,139 | INFO | Dataset Transformation Completed
2026-07-04 16:27:18,143 | INFO | ============================================================
2026-07-04 16:27:18,144 | INFO | Cleaning Dataset
2026-07-04 16:27:18,144 | INFO | ============================================================
2026-07-04 16:27:18,145 | INFO | Cleaning Company Names...
2026-07-04 16:27:18,156 | INFO | Cleaning Roles...
2026-07-04 16:27:18,168 | INFO | Cleaning Locations...
2026-07-04 16:27:18,183 | INFO | Cleaning Skills...
2026-07-04 16:27:18,265 | INFO | Cleaning Perks...
2026-07-04 16:27:18,322 | INFO | Handling Missing Values...
2026-07-04 16:27:18,326 | INFO | Removing Duplicate Rows...
2026-07-04 16:30:37,746 | INFO | ============================================================
2026-07-04 16:30:37,746 | INFO | Loading Internship Dataset
2026-07-04 16:30:37,747 | INFO | ============================================================
2026-07-04 16:30:37,809 | INFO | Dataset Loaded Successfully
2026-07-04 16:30:37,809 | INFO | Rows    : 6642
2026-07-04 16:30:37,809 | INFO | Columns : 15
2026-07-04 16:30:37,809 | INFO | ============================================================
2026-07-04 16:30:37,809 | INFO | Running Dataset Validation
2026-07-04 16:30:37,809 | INFO | ============================================================
2026-07-04 16:30:37,809 | INFO | Checking Empty Dataset...
2026-07-04 16:30:37,809 | INFO | Dataset is Valid
2026-07-04 16:30:37,810 | INFO | Validating Required Columns...
2026-07-04 16:30:37,810 | INFO | Required Column Validation Passed
2026-07-04 16:30:37,810 | INFO | Generating Dataset Summary...
2026-07-04 16:30:37,815 | INFO | Checking Missing Values...
2026-07-04 16:30:37,817 | INFO | Checking Duplicates...
2026-07-04 16:30:37,846 | INFO | Validation Completed Successfully
2026-07-04 16:30:37,848 | INFO | ============================================================
2026-07-04 16:30:37,849 | INFO | Transforming Dataset
2026-07-04 16:30:37,849 | INFO | ============================================================
2026-07-04 16:30:38,316 | INFO | Dataset Transformation Completed
2026-07-04 16:30:38,318 | INFO | ============================================================
2026-07-04 16:30:38,318 | INFO | Cleaning Dataset
2026-07-04 16:30:38,318 | INFO | ============================================================
2026-07-04 16:30:38,318 | INFO | Cleaning Company Names...
2026-07-04 16:30:38,325 | INFO | Cleaning Roles...
2026-07-04 16:30:38,331 | INFO | Cleaning Locations...
2026-07-04 16:30:38,346 | INFO | Cleaning Skills...
2026-07-04 16:30:38,391 | INFO | Cleaning Perks...
2026-07-04 16:30:38,430 | INFO | Handling Missing Values...
2026-07-04 16:30:38,432 | INFO | Removing Duplicate Rows...
2026-07-04 16:30:38,437 | INFO | Removed 87 duplicate internships.
2026-07-04 16:30:38,437 | INFO | Sorting Dataset...
2026-07-04 16:30:38,456 | INFO | Dataset Cleaning Completed
2026-07-05 03:52:46,225 | INFO | ============================================================
2026-07-05 03:52:46,225 | INFO | Loading Internship Dataset
2026-07-05 03:52:46,225 | INFO | ============================================================
2026-07-05 03:52:46,361 | INFO | Dataset Loaded Successfully
2026-07-05 03:52:46,361 | INFO | Rows    : 6642
2026-07-05 03:52:46,361 | INFO | Columns : 15
2026-07-05 03:52:46,361 | INFO | ============================================================
2026-07-05 03:52:46,361 | INFO | Running Dataset Validation
2026-07-05 03:52:46,361 | INFO | ============================================================
2026-07-05 03:52:46,361 | INFO | Checking Empty Dataset...
2026-07-05 03:52:46,361 | INFO | Dataset is Valid
2026-07-05 03:52:46,361 | INFO | Validating Required Columns...
2026-07-05 03:52:46,362 | INFO | Required Column Validation Passed
2026-07-05 03:52:46,362 | INFO | Generating Dataset Summary...
2026-07-05 03:52:46,371 | INFO | Checking Missing Values...
2026-07-05 03:52:46,420 | INFO | Checking Duplicates...
2026-07-05 03:52:46,456 | INFO | Validation Completed Successfully
2026-07-05 03:52:46,459 | INFO | ============================================================
2026-07-05 03:52:46,459 | INFO | Transforming Dataset
2026-07-05 03:52:46,459 | INFO | ============================================================
2026-07-05 03:52:46,914 | INFO | Dataset Transformation Completed
2026-07-05 03:52:46,918 | INFO | ============================================================
2026-07-05 03:52:46,918 | INFO | Cleaning Dataset
2026-07-05 03:52:46,918 | INFO | ============================================================
2026-07-05 03:52:46,918 | INFO | Cleaning Company Names...
2026-07-05 03:52:46,926 | INFO | Cleaning Roles...
2026-07-05 03:52:46,933 | INFO | Cleaning Locations...
2026-07-05 03:52:46,942 | INFO | Cleaning Skills...
2026-07-05 03:52:46,994 | INFO | Cleaning Perks...
2026-07-05 03:52:47,028 | INFO | Handling Missing Values...
2026-07-05 03:52:47,030 | INFO | Removing Duplicate Rows...
2026-07-05 03:52:47,042 | INFO | Removed 87 duplicate internships.
2026-07-05 03:52:47,042 | INFO | Sorting Dataset...
2026-07-05 03:52:47,053 | INFO | Dataset Cleaning Completed
2026-07-05 03:52:47,055 | INFO | ============================================================
2026-07-05 03:52:47,055 | INFO | Normalizing Roles
2026-07-05 03:52:47,055 | INFO | ============================================================
2026-07-05 03:52:47,085 | INFO | Role Normalization Completed
2026-07-05 04:00:55,943 | INFO | ============================================================
2026-07-05 04:00:55,943 | INFO | Loading Internship Dataset
2026-07-05 04:00:55,943 | INFO | ============================================================
2026-07-05 04:00:55,992 | INFO | Dataset Loaded Successfully
2026-07-05 04:00:55,992 | INFO | Rows    : 6642
2026-07-05 04:00:55,993 | INFO | Columns : 15
2026-07-05 04:00:55,993 | INFO | ============================================================
2026-07-05 04:00:55,993 | INFO | Running Dataset Validation
2026-07-05 04:00:55,993 | INFO | ============================================================
2026-07-05 04:00:55,993 | INFO | Checking Empty Dataset...
2026-07-05 04:00:55,993 | INFO | Dataset is Valid
2026-07-05 04:00:55,993 | INFO | Validating Required Columns...
2026-07-05 04:00:55,993 | INFO | Required Column Validation Passed
2026-07-05 04:00:55,994 | INFO | Generating Dataset Summary...
2026-07-05 04:00:55,996 | INFO | Checking Missing Values...
2026-07-05 04:00:55,997 | INFO | Checking Duplicates...
2026-07-05 04:00:56,006 | INFO | Validation Completed Successfully
2026-07-05 04:00:56,007 | INFO | ============================================================
2026-07-05 04:00:56,007 | INFO | Transforming Dataset
2026-07-05 04:00:56,007 | INFO | ============================================================
2026-07-05 04:00:56,511 | INFO | Dataset Transformation Completed
2026-07-05 04:00:56,513 | INFO | ============================================================
2026-07-05 04:00:56,513 | INFO | Cleaning Dataset
2026-07-05 04:00:56,513 | INFO | ============================================================
2026-07-05 04:00:56,513 | INFO | Cleaning Company Names...
2026-07-05 04:00:56,520 | INFO | Cleaning Roles...
2026-07-05 04:00:56,526 | INFO | Cleaning Locations...
2026-07-05 04:00:56,536 | INFO | Cleaning Skills...
2026-07-05 04:00:56,612 | INFO | Cleaning Perks...
2026-07-05 04:00:56,640 | INFO | Handling Missing Values...
2026-07-05 04:00:56,642 | INFO | Removing Duplicate Rows...
2026-07-05 04:00:56,646 | INFO | Removed 87 duplicate internships.
2026-07-05 04:00:56,646 | INFO | Sorting Dataset...
2026-07-05 04:00:56,655 | INFO | Dataset Cleaning Completed
2026-07-05 04:00:56,658 | INFO | ============================================================
2026-07-05 04:00:56,658 | INFO | Normalizing Roles
2026-07-05 04:00:56,658 | INFO | ============================================================
2026-07-05 04:00:56,684 | INFO | Role Normalization Completed
2026-07-05 04:00:56,685 | INFO | ============================================================
2026-07-05 04:00:56,685 | INFO | Normalizing Skills
2026-07-05 04:00:56,685 | INFO | ============================================================
2026-07-05 04:00:56,782 | INFO | Skill Normalization Completed
2026-07-05 04:29:56,291 | INFO | ============================================================
2026-07-05 04:29:56,291 | INFO | Loading Internship Dataset
2026-07-05 04:29:56,291 | INFO | ============================================================
2026-07-05 04:29:56,346 | INFO | Dataset Loaded Successfully
2026-07-05 04:29:56,346 | INFO | Rows    : 6642
2026-07-05 04:29:56,346 | INFO | Columns : 15
2026-07-05 04:29:56,346 | INFO | ============================================================
2026-07-05 04:29:56,346 | INFO | Running Dataset Validation
2026-07-05 04:29:56,346 | INFO | ============================================================
2026-07-05 04:29:56,346 | INFO | Checking Empty Dataset...
2026-07-05 04:29:56,346 | INFO | Dataset is Valid
2026-07-05 04:29:56,347 | INFO | Validating Required Columns...
2026-07-05 04:29:56,347 | INFO | Required Column Validation Passed
2026-07-05 04:29:56,347 | INFO | Generating Dataset Summary...
2026-07-05 04:29:56,349 | INFO | Checking Missing Values...
2026-07-05 04:29:56,351 | INFO | Checking Duplicates...
2026-07-05 04:29:56,359 | INFO | Validation Completed Successfully
2026-07-05 04:29:56,360 | INFO | ============================================================
2026-07-05 04:29:56,361 | INFO | Transforming Dataset
2026-07-05 04:29:56,361 | INFO | ============================================================
2026-07-05 04:29:56,949 | INFO | Dataset Transformation Completed
2026-07-05 04:29:56,951 | INFO | ============================================================
2026-07-05 04:29:56,951 | INFO | Cleaning Dataset
2026-07-05 04:29:56,951 | INFO | ============================================================
2026-07-05 04:29:56,951 | INFO | Cleaning Company Names...
2026-07-05 04:29:56,957 | INFO | Cleaning Roles...
2026-07-05 04:29:56,966 | INFO | Cleaning Locations...
2026-07-05 04:29:56,976 | INFO | Cleaning Skills...
2026-07-05 04:29:57,039 | INFO | Cleaning Perks...
2026-07-05 04:29:57,075 | INFO | Handling Missing Values...
2026-07-05 04:29:57,077 | INFO | Removing Duplicate Rows...
2026-07-05 04:29:57,082 | INFO | Removed 87 duplicate internships.
2026-07-05 04:29:57,082 | INFO | Sorting Dataset...
2026-07-05 04:29:57,091 | INFO | Dataset Cleaning Completed
2026-07-05 04:29:57,093 | INFO | ============================================================
2026-07-05 04:29:57,093 | INFO | Normalizing Roles
2026-07-05 04:29:57,093 | INFO | ============================================================
2026-07-05 04:29:57,121 | INFO | Role Normalization Completed
2026-07-05 04:29:57,122 | INFO | ============================================================
2026-07-05 04:29:57,122 | INFO | Normalizing Skills
2026-07-05 04:29:57,122 | INFO | ============================================================
2026-07-05 04:29:57,262 | INFO | Skill Normalization Completed
2026-07-05 04:29:57,264 | INFO | ============================================================
2026-07-05 04:29:57,264 | INFO | Feature Engineering
2026-07-05 04:29:57,264 | INFO | ============================================================
2026-07-05 04:29:57,295 | INFO | Feature Engineering Completed
2026-07-05 04:43:07,745 | INFO | ============================================================
2026-07-05 04:43:07,745 | INFO | Loading Internship Dataset
2026-07-05 04:43:07,745 | INFO | ============================================================
2026-07-05 04:43:07,798 | INFO | Dataset Loaded Successfully
2026-07-05 04:43:07,798 | INFO | Rows    : 6642
2026-07-05 04:43:07,799 | INFO | Columns : 15
2026-07-05 04:43:07,799 | INFO | ============================================================
2026-07-05 04:43:07,799 | INFO | Running Dataset Validation
2026-07-05 04:43:07,799 | INFO | ============================================================
2026-07-05 04:43:07,799 | INFO | Checking Empty Dataset...
2026-07-05 04:43:07,799 | INFO | Dataset is Valid
2026-07-05 04:43:07,799 | INFO | Validating Required Columns...
2026-07-05 04:43:07,800 | INFO | Required Column Validation Passed
2026-07-05 04:43:07,800 | INFO | Generating Dataset Summary...
2026-07-05 04:43:07,802 | INFO | Checking Missing Values...
2026-07-05 04:43:07,803 | INFO | Checking Duplicates...
2026-07-05 04:43:07,811 | INFO | Validation Completed Successfully
2026-07-05 04:43:07,812 | INFO | ============================================================
2026-07-05 04:43:07,812 | INFO | Transforming Dataset
2026-07-05 04:43:07,812 | INFO | ============================================================
2026-07-05 04:43:08,263 | INFO | Dataset Transformation Completed
2026-07-05 04:43:08,265 | INFO | ============================================================
2026-07-05 04:43:08,265 | INFO | Cleaning Dataset
2026-07-05 04:43:08,265 | INFO | ============================================================
2026-07-05 04:43:08,265 | INFO | Cleaning Company Names...
2026-07-05 04:43:08,271 | INFO | Cleaning Roles...
2026-07-05 04:43:08,279 | INFO | Cleaning Locations...
2026-07-05 04:43:08,288 | INFO | Cleaning Skills...
2026-07-05 04:43:08,335 | INFO | Cleaning Perks...
2026-07-05 04:43:08,382 | INFO | Handling Missing Values...
2026-07-05 04:43:08,388 | INFO | Removing Duplicate Rows...
2026-07-05 04:43:08,398 | INFO | Removed 87 duplicate internships.
2026-07-05 04:43:08,399 | INFO | Sorting Dataset...
2026-07-05 04:43:08,414 | INFO | Dataset Cleaning Completed
2026-07-05 04:43:08,415 | INFO | ============================================================
2026-07-05 04:43:08,415 | INFO | Normalizing Roles
2026-07-05 04:43:08,415 | INFO | ============================================================
2026-07-05 04:43:08,439 | INFO | Role Normalization Completed
2026-07-05 04:43:08,439 | INFO | ============================================================
2026-07-05 04:43:08,439 | INFO | Normalizing Skills
2026-07-05 04:43:08,439 | INFO | ============================================================
2026-07-05 04:43:08,532 | INFO | Skill Normalization Completed
2026-07-05 04:43:08,534 | INFO | ============================================================
2026-07-05 04:43:08,534 | INFO | Feature Engineering
2026-07-05 04:43:08,534 | INFO | ============================================================
2026-07-05 04:43:08,561 | INFO | Feature Engineering Completed
2026-07-05 04:43:08,561 | INFO | ============================================================
2026-07-05 04:43:08,561 | INFO | Exporting Processed Dataset
2026-07-05 04:43:08,561 | INFO | ============================================================
2026-07-05 04:43:08,775 | INFO | Dataset exported successfully -> data/processed/internships_processed.csv
2026-07-05 04:43:08,775 | INFO | Rows    : 6555
2026-07-05 04:43:08,775 | INFO | Columns : 28
2026-07-05 05:20:52,310 | INFO | ============================================================
2026-07-05 05:20:52,317 | INFO | Loading Embedding Model
2026-07-05 05:20:52,318 | INFO | ============================================================
2026-07-05 05:20:52,321 | INFO | No device provided, using cpu
2026-07-05 05:20:52,688 | INFO | HTTP Request: GET https://huggingface.co/api/agent-harnesses "HTTP/1.1 200 OK"
2026-07-05 05:20:52,913 | INFO | HTTP Request: HEAD https://huggingface.co/sentence-transformers/all-MiniLM-L6-v2/resolve/main/modules.json "HTTP/1.1 307 Temporary Redirect"
2026-07-05 05:20:52,914 | WARNING | Warning: You are sending unauthenticated requests to the HF Hub. Please set a HF_TOKEN to enable higher rate limits and faster downloads.
2026-07-05 05:20:52,924 | INFO | HTTP Request: HEAD https://huggingface.co/api/resolve-cache/models/sentence-transformers/all-MiniLM-L6-v2/1110a243fdf4706b3f48f1d95db1a4f5529b4d41/modules.json "HTTP/1.1 200 OK"
2026-07-05 05:20:52,935 | INFO | HTTP Request: GET https://huggingface.co/api/resolve-cache/models/sentence-transformers/all-MiniLM-L6-v2/1110a243fdf4706b3f48f1d95db1a4f5529b4d41/modules.json "HTTP/1.1 200 OK"
2026-07-05 05:20:53,145 | INFO | HTTP Request: HEAD https://huggingface.co/sentence-transformers/all-MiniLM-L6-v2/resolve/main/config_sentence_transformers.json "HTTP/1.1 307 Temporary Redirect"
2026-07-05 05:20:53,154 | INFO | HTTP Request: HEAD https://huggingface.co/api/resolve-cache/models/sentence-transformers/all-MiniLM-L6-v2/1110a243fdf4706b3f48f1d95db1a4f5529b4d41/config_sentence_transformers.json "HTTP/1.1 200 OK"
2026-07-05 05:20:53,167 | INFO | HTTP Request: GET https://huggingface.co/api/resolve-cache/models/sentence-transformers/all-MiniLM-L6-v2/1110a243fdf4706b3f48f1d95db1a4f5529b4d41/config_sentence_transformers.json "HTTP/1.1 200 OK"
2026-07-05 05:20:53,169 | INFO | Loading SentenceTransformer model from sentence-transformers/all-MiniLM-L6-v2.
2026-07-05 05:20:53,391 | INFO | HTTP Request: HEAD https://huggingface.co/sentence-transformers/all-MiniLM-L6-v2/resolve/main/config_sentence_transformers.json "HTTP/1.1 307 Temporary Redirect"
2026-07-05 05:20:53,400 | INFO | HTTP Request: HEAD https://huggingface.co/api/resolve-cache/models/sentence-transformers/all-MiniLM-L6-v2/1110a243fdf4706b3f48f1d95db1a4f5529b4d41/config_sentence_transformers.json "HTTP/1.1 200 OK"
2026-07-05 05:20:53,613 | INFO | HTTP Request: HEAD https://huggingface.co/sentence-transformers/all-MiniLM-L6-v2/resolve/main/README.md "HTTP/1.1 307 Temporary Redirect"
2026-07-05 05:20:53,625 | INFO | HTTP Request: HEAD https://huggingface.co/api/resolve-cache/models/sentence-transformers/all-MiniLM-L6-v2/1110a243fdf4706b3f48f1d95db1a4f5529b4d41/README.md "HTTP/1.1 200 OK"
2026-07-05 05:20:53,639 | INFO | HTTP Request: GET https://huggingface.co/api/resolve-cache/models/sentence-transformers/all-MiniLM-L6-v2/1110a243fdf4706b3f48f1d95db1a4f5529b4d41/README.md "HTTP/1.1 200 OK"
2026-07-05 05:20:53,861 | INFO | HTTP Request: HEAD https://huggingface.co/sentence-transformers/all-MiniLM-L6-v2/resolve/main/modules.json "HTTP/1.1 307 Temporary Redirect"
2026-07-05 05:20:53,872 | INFO | HTTP Request: HEAD https://huggingface.co/api/resolve-cache/models/sentence-transformers/all-MiniLM-L6-v2/1110a243fdf4706b3f48f1d95db1a4f5529b4d41/modules.json "HTTP/1.1 200 OK"
2026-07-05 05:20:54,090 | INFO | HTTP Request: HEAD https://huggingface.co/sentence-transformers/all-MiniLM-L6-v2/resolve/main/sentence_bert_config.json "HTTP/1.1 307 Temporary Redirect"
2026-07-05 05:20:54,099 | INFO | HTTP Request: HEAD https://huggingface.co/api/resolve-cache/models/sentence-transformers/all-MiniLM-L6-v2/1110a243fdf4706b3f48f1d95db1a4f5529b4d41/sentence_bert_config.json "HTTP/1.1 200 OK"
2026-07-05 05:20:54,108 | INFO | HTTP Request: GET https://huggingface.co/api/resolve-cache/models/sentence-transformers/all-MiniLM-L6-v2/1110a243fdf4706b3f48f1d95db1a4f5529b4d41/sentence_bert_config.json "HTTP/1.1 200 OK"
2026-07-05 05:20:54,316 | INFO | HTTP Request: HEAD https://huggingface.co/sentence-transformers/all-MiniLM-L6-v2/resolve/main/adapter_config.json "HTTP/1.1 404 Not Found"
2026-07-05 05:20:54,519 | INFO | HTTP Request: HEAD https://huggingface.co/sentence-transformers/all-MiniLM-L6-v2/resolve/main/config.json "HTTP/1.1 307 Temporary Redirect"
2026-07-05 05:20:54,530 | INFO | HTTP Request: HEAD https://huggingface.co/api/resolve-cache/models/sentence-transformers/all-MiniLM-L6-v2/1110a243fdf4706b3f48f1d95db1a4f5529b4d41/config.json "HTTP/1.1 200 OK"
2026-07-05 05:20:54,539 | INFO | HTTP Request: GET https://huggingface.co/api/resolve-cache/models/sentence-transformers/all-MiniLM-L6-v2/1110a243fdf4706b3f48f1d95db1a4f5529b4d41/config.json "HTTP/1.1 200 OK"
2026-07-05 05:20:54,917 | INFO | HTTP Request: HEAD https://huggingface.co/sentence-transformers/all-MiniLM-L6-v2/resolve/main/model.safetensors "HTTP/1.1 302 Found"
2026-07-05 05:20:58,155 | INFO | HTTP Request: HEAD https://huggingface.co/sentence-transformers/all-MiniLM-L6-v2/resolve/main/processor_config.json "HTTP/1.1 404 Not Found"
2026-07-05 05:20:58,365 | INFO | HTTP Request: HEAD https://huggingface.co/sentence-transformers/all-MiniLM-L6-v2/resolve/main/preprocessor_config.json "HTTP/1.1 404 Not Found"
2026-07-05 05:20:58,574 | INFO | HTTP Request: HEAD https://huggingface.co/sentence-transformers/all-MiniLM-L6-v2/resolve/main/video_preprocessor_config.json "HTTP/1.1 404 Not Found"
2026-07-05 05:20:58,786 | INFO | HTTP Request: HEAD https://huggingface.co/sentence-transformers/all-MiniLM-L6-v2/resolve/main/preprocessor_config.json "HTTP/1.1 404 Not Found"
2026-07-05 05:20:58,991 | INFO | HTTP Request: HEAD https://huggingface.co/sentence-transformers/all-MiniLM-L6-v2/resolve/main/tokenizer_config.json "HTTP/1.1 307 Temporary Redirect"
2026-07-05 05:20:59,003 | INFO | HTTP Request: HEAD https://huggingface.co/api/resolve-cache/models/sentence-transformers/all-MiniLM-L6-v2/1110a243fdf4706b3f48f1d95db1a4f5529b4d41/tokenizer_config.json "HTTP/1.1 200 OK"
2026-07-05 05:20:59,016 | INFO | HTTP Request: GET https://huggingface.co/api/resolve-cache/models/sentence-transformers/all-MiniLM-L6-v2/1110a243fdf4706b3f48f1d95db1a4f5529b4d41/tokenizer_config.json "HTTP/1.1 200 OK"
2026-07-05 05:20:59,224 | INFO | HTTP Request: HEAD https://huggingface.co/sentence-transformers/all-MiniLM-L6-v2/resolve/main/config.json "HTTP/1.1 307 Temporary Redirect"
2026-07-05 05:20:59,235 | INFO | HTTP Request: HEAD https://huggingface.co/api/resolve-cache/models/sentence-transformers/all-MiniLM-L6-v2/1110a243fdf4706b3f48f1d95db1a4f5529b4d41/config.json "HTTP/1.1 200 OK"
2026-07-05 05:20:59,450 | INFO | HTTP Request: HEAD https://huggingface.co/sentence-transformers/all-MiniLM-L6-v2/resolve/main/config.json "HTTP/1.1 307 Temporary Redirect"
2026-07-05 05:20:59,461 | INFO | HTTP Request: HEAD https://huggingface.co/api/resolve-cache/models/sentence-transformers/all-MiniLM-L6-v2/1110a243fdf4706b3f48f1d95db1a4f5529b4d41/config.json "HTTP/1.1 200 OK"
2026-07-05 05:20:59,686 | INFO | HTTP Request: HEAD https://huggingface.co/sentence-transformers/all-MiniLM-L6-v2/resolve/main/tokenizer_config.json "HTTP/1.1 307 Temporary Redirect"
2026-07-05 05:20:59,695 | INFO | HTTP Request: HEAD https://huggingface.co/api/resolve-cache/models/sentence-transformers/all-MiniLM-L6-v2/1110a243fdf4706b3f48f1d95db1a4f5529b4d41/tokenizer_config.json "HTTP/1.1 200 OK"
2026-07-05 05:20:59,908 | INFO | HTTP Request: GET https://huggingface.co/api/models/sentence-transformers/all-MiniLM-L6-v2/tree/main/additional_chat_templates?recursive=false&expand=false "HTTP/1.1 404 Not Found"
2026-07-05 05:21:00,143 | INFO | HTTP Request: GET https://huggingface.co/api/models/sentence-transformers/all-MiniLM-L6-v2/tree/main?recursive=true&expand=false "HTTP/1.1 200 OK"
2026-07-05 05:21:00,353 | INFO | HTTP Request: HEAD https://huggingface.co/sentence-transformers/all-MiniLM-L6-v2/resolve/main/vocab.txt "HTTP/1.1 307 Temporary Redirect"
2026-07-05 05:21:00,362 | INFO | HTTP Request: HEAD https://huggingface.co/api/resolve-cache/models/sentence-transformers/all-MiniLM-L6-v2/1110a243fdf4706b3f48f1d95db1a4f5529b4d41/vocab.txt "HTTP/1.1 200 OK"
2026-07-05 05:21:00,373 | INFO | HTTP Request: GET https://huggingface.co/api/resolve-cache/models/sentence-transformers/all-MiniLM-L6-v2/1110a243fdf4706b3f48f1d95db1a4f5529b4d41/vocab.txt "HTTP/1.1 200 OK"
2026-07-05 05:21:00,590 | INFO | HTTP Request: HEAD https://huggingface.co/sentence-transformers/all-MiniLM-L6-v2/resolve/main/tokenizer.json "HTTP/1.1 307 Temporary Redirect"
2026-07-05 05:21:00,600 | INFO | HTTP Request: HEAD https://huggingface.co/api/resolve-cache/models/sentence-transformers/all-MiniLM-L6-v2/1110a243fdf4706b3f48f1d95db1a4f5529b4d41/tokenizer.json "HTTP/1.1 200 OK"
2026-07-05 05:21:00,612 | INFO | HTTP Request: GET https://huggingface.co/api/resolve-cache/models/sentence-transformers/all-MiniLM-L6-v2/1110a243fdf4706b3f48f1d95db1a4f5529b4d41/tokenizer.json "HTTP/1.1 200 OK"
2026-07-05 05:21:00,827 | INFO | HTTP Request: HEAD https://huggingface.co/sentence-transformers/all-MiniLM-L6-v2/resolve/main/added_tokens.json "HTTP/1.1 404 Not Found"
2026-07-05 05:21:01,052 | INFO | HTTP Request: HEAD https://huggingface.co/sentence-transformers/all-MiniLM-L6-v2/resolve/main/special_tokens_map.json "HTTP/1.1 307 Temporary Redirect"
2026-07-05 05:21:01,061 | INFO | HTTP Request: HEAD https://huggingface.co/api/resolve-cache/models/sentence-transformers/all-MiniLM-L6-v2/1110a243fdf4706b3f48f1d95db1a4f5529b4d41/special_tokens_map.json "HTTP/1.1 200 OK"
2026-07-05 05:21:01,073 | INFO | HTTP Request: GET https://huggingface.co/api/resolve-cache/models/sentence-transformers/all-MiniLM-L6-v2/1110a243fdf4706b3f48f1d95db1a4f5529b4d41/special_tokens_map.json "HTTP/1.1 200 OK"
2026-07-05 05:21:01,284 | INFO | HTTP Request: HEAD https://huggingface.co/sentence-transformers/all-MiniLM-L6-v2/resolve/main/chat_template.jinja "HTTP/1.1 404 Not Found"
2026-07-05 05:21:01,570 | INFO | HTTP Request: HEAD https://huggingface.co/sentence-transformers/all-MiniLM-L6-v2/resolve/main/1_Pooling/config.json "HTTP/1.1 307 Temporary Redirect"
2026-07-05 05:21:01,579 | INFO | HTTP Request: HEAD https://huggingface.co/api/resolve-cache/models/sentence-transformers/all-MiniLM-L6-v2/1110a243fdf4706b3f48f1d95db1a4f5529b4d41/1_Pooling%2Fconfig.json "HTTP/1.1 200 OK"
2026-07-05 05:21:01,590 | INFO | HTTP Request: GET https://huggingface.co/api/resolve-cache/models/sentence-transformers/all-MiniLM-L6-v2/1110a243fdf4706b3f48f1d95db1a4f5529b4d41/1_Pooling%2Fconfig.json "HTTP/1.1 200 OK"
2026-07-05 05:21:01,800 | INFO | HTTP Request: GET https://huggingface.co/api/models/sentence-transformers/all-MiniLM-L6-v2 "HTTP/1.1 200 OK"
2026-07-05 05:21:01,804 | INFO | Model Loaded : all-MiniLM-L6-v2
2026-07-05 05:24:04,907 | INFO | ============================================================
2026-07-05 05:24:04,907 | INFO | Loading Embedding Model
2026-07-05 05:24:04,907 | INFO | ============================================================
2026-07-05 05:24:04,908 | INFO | No device provided, using cpu
2026-07-05 05:24:05,166 | INFO | HTTP Request: HEAD https://huggingface.co/sentence-transformers/all-MiniLM-L6-v2/resolve/main/modules.json "HTTP/1.1 307 Temporary Redirect"
2026-07-05 05:24:05,167 | WARNING | Warning: You are sending unauthenticated requests to the HF Hub. Please set a HF_TOKEN to enable higher rate limits and faster downloads.
2026-07-05 05:24:05,178 | INFO | HTTP Request: HEAD https://huggingface.co/api/resolve-cache/models/sentence-transformers/all-MiniLM-L6-v2/1110a243fdf4706b3f48f1d95db1a4f5529b4d41/modules.json "HTTP/1.1 200 OK"
2026-07-05 05:24:05,409 | INFO | HTTP Request: HEAD https://huggingface.co/sentence-transformers/all-MiniLM-L6-v2/resolve/main/config_sentence_transformers.json "HTTP/1.1 307 Temporary Redirect"
2026-07-05 05:24:05,420 | INFO | HTTP Request: HEAD https://huggingface.co/api/resolve-cache/models/sentence-transformers/all-MiniLM-L6-v2/1110a243fdf4706b3f48f1d95db1a4f5529b4d41/config_sentence_transformers.json "HTTP/1.1 200 OK"
2026-07-05 05:24:05,423 | INFO | Loading SentenceTransformer model from sentence-transformers/all-MiniLM-L6-v2.
2026-07-05 05:24:05,631 | INFO | HTTP Request: HEAD https://huggingface.co/sentence-transformers/all-MiniLM-L6-v2/resolve/main/config_sentence_transformers.json "HTTP/1.1 307 Temporary Redirect"
2026-07-05 05:24:05,641 | INFO | HTTP Request: HEAD https://huggingface.co/api/resolve-cache/models/sentence-transformers/all-MiniLM-L6-v2/1110a243fdf4706b3f48f1d95db1a4f5529b4d41/config_sentence_transformers.json "HTTP/1.1 200 OK"
2026-07-05 05:24:05,847 | INFO | HTTP Request: HEAD https://huggingface.co/sentence-transformers/all-MiniLM-L6-v2/resolve/main/README.md "HTTP/1.1 307 Temporary Redirect"
2026-07-05 05:24:05,861 | INFO | HTTP Request: HEAD https://huggingface.co/api/resolve-cache/models/sentence-transformers/all-MiniLM-L6-v2/1110a243fdf4706b3f48f1d95db1a4f5529b4d41/README.md "HTTP/1.1 200 OK"
2026-07-05 05:24:06,087 | INFO | HTTP Request: HEAD https://huggingface.co/sentence-transformers/all-MiniLM-L6-v2/resolve/main/modules.json "HTTP/1.1 307 Temporary Redirect"
2026-07-05 05:24:06,096 | INFO | HTTP Request: HEAD https://huggingface.co/api/resolve-cache/models/sentence-transformers/all-MiniLM-L6-v2/1110a243fdf4706b3f48f1d95db1a4f5529b4d41/modules.json "HTTP/1.1 200 OK"
2026-07-05 05:24:06,319 | INFO | HTTP Request: HEAD https://huggingface.co/sentence-transformers/all-MiniLM-L6-v2/resolve/main/sentence_bert_config.json "HTTP/1.1 307 Temporary Redirect"
2026-07-05 05:24:06,332 | INFO | HTTP Request: HEAD https://huggingface.co/api/resolve-cache/models/sentence-transformers/all-MiniLM-L6-v2/1110a243fdf4706b3f48f1d95db1a4f5529b4d41/sentence_bert_config.json "HTTP/1.1 200 OK"
2026-07-05 05:24:06,542 | INFO | HTTP Request: HEAD https://huggingface.co/sentence-transformers/all-MiniLM-L6-v2/resolve/main/adapter_config.json "HTTP/1.1 404 Not Found"
2026-07-05 05:24:06,764 | INFO | HTTP Request: HEAD https://huggingface.co/sentence-transformers/all-MiniLM-L6-v2/resolve/main/config.json "HTTP/1.1 307 Temporary Redirect"
2026-07-05 05:24:06,774 | INFO | HTTP Request: HEAD https://huggingface.co/api/resolve-cache/models/sentence-transformers/all-MiniLM-L6-v2/1110a243fdf4706b3f48f1d95db1a4f5529b4d41/config.json "HTTP/1.1 200 OK"
2026-07-05 05:24:07,254 | INFO | HTTP Request: HEAD https://huggingface.co/sentence-transformers/all-MiniLM-L6-v2/resolve/main/processor_config.json "HTTP/1.1 404 Not Found"
2026-07-05 05:24:07,476 | INFO | HTTP Request: HEAD https://huggingface.co/sentence-transformers/all-MiniLM-L6-v2/resolve/main/preprocessor_config.json "HTTP/1.1 404 Not Found"
2026-07-05 05:24:07,682 | INFO | HTTP Request: HEAD https://huggingface.co/sentence-transformers/all-MiniLM-L6-v2/resolve/main/video_preprocessor_config.json "HTTP/1.1 404 Not Found"
2026-07-05 05:24:07,894 | INFO | HTTP Request: HEAD https://huggingface.co/sentence-transformers/all-MiniLM-L6-v2/resolve/main/preprocessor_config.json "HTTP/1.1 404 Not Found"
2026-07-05 05:24:08,099 | INFO | HTTP Request: HEAD https://huggingface.co/sentence-transformers/all-MiniLM-L6-v2/resolve/main/tokenizer_config.json "HTTP/1.1 307 Temporary Redirect"
2026-07-05 05:24:08,108 | INFO | HTTP Request: HEAD https://huggingface.co/api/resolve-cache/models/sentence-transformers/all-MiniLM-L6-v2/1110a243fdf4706b3f48f1d95db1a4f5529b4d41/tokenizer_config.json "HTTP/1.1 200 OK"
2026-07-05 05:24:08,314 | INFO | HTTP Request: HEAD https://huggingface.co/sentence-transformers/all-MiniLM-L6-v2/resolve/main/config.json "HTTP/1.1 307 Temporary Redirect"
2026-07-05 05:24:08,323 | INFO | HTTP Request: HEAD https://huggingface.co/api/resolve-cache/models/sentence-transformers/all-MiniLM-L6-v2/1110a243fdf4706b3f48f1d95db1a4f5529b4d41/config.json "HTTP/1.1 200 OK"
2026-07-05 05:24:08,532 | INFO | HTTP Request: HEAD https://huggingface.co/sentence-transformers/all-MiniLM-L6-v2/resolve/main/config.json "HTTP/1.1 307 Temporary Redirect"
2026-07-05 05:24:08,541 | INFO | HTTP Request: HEAD https://huggingface.co/api/resolve-cache/models/sentence-transformers/all-MiniLM-L6-v2/1110a243fdf4706b3f48f1d95db1a4f5529b4d41/config.json "HTTP/1.1 200 OK"
2026-07-05 05:24:08,748 | INFO | HTTP Request: HEAD https://huggingface.co/sentence-transformers/all-MiniLM-L6-v2/resolve/main/tokenizer_config.json "HTTP/1.1 307 Temporary Redirect"
2026-07-05 05:24:08,759 | INFO | HTTP Request: HEAD https://huggingface.co/api/resolve-cache/models/sentence-transformers/all-MiniLM-L6-v2/1110a243fdf4706b3f48f1d95db1a4f5529b4d41/tokenizer_config.json "HTTP/1.1 200 OK"
2026-07-05 05:24:08,980 | INFO | HTTP Request: GET https://huggingface.co/api/models/sentence-transformers/all-MiniLM-L6-v2/tree/main/additional_chat_templates?recursive=false&expand=false "HTTP/1.1 404 Not Found"
2026-07-05 05:24:09,196 | INFO | HTTP Request: GET https://huggingface.co/api/models/sentence-transformers/all-MiniLM-L6-v2/tree/main?recursive=true&expand=false "HTTP/1.1 200 OK"
2026-07-05 05:24:09,450 | INFO | HTTP Request: HEAD https://huggingface.co/sentence-transformers/all-MiniLM-L6-v2/resolve/main/1_Pooling/config.json "HTTP/1.1 307 Temporary Redirect"
2026-07-05 05:24:09,462 | INFO | HTTP Request: HEAD https://huggingface.co/api/resolve-cache/models/sentence-transformers/all-MiniLM-L6-v2/1110a243fdf4706b3f48f1d95db1a4f5529b4d41/1_Pooling%2Fconfig.json "HTTP/1.1 200 OK"
2026-07-05 05:24:09,673 | INFO | HTTP Request: GET https://huggingface.co/api/models/sentence-transformers/all-MiniLM-L6-v2 "HTTP/1.1 200 OK"
2026-07-05 05:24:09,675 | INFO | Model Loaded : all-MiniLM-L6-v2
2026-07-05 05:30:59,684 | INFO | ============================================================
2026-07-05 05:30:59,685 | INFO | Loading Embedding Model
2026-07-05 05:30:59,685 | INFO | ============================================================
2026-07-05 05:30:59,686 | INFO | No device provided, using cpu
2026-07-05 05:30:59,939 | INFO | HTTP Request: HEAD https://huggingface.co/sentence-transformers/all-MiniLM-L6-v2/resolve/main/modules.json "HTTP/1.1 307 Temporary Redirect"
2026-07-05 05:30:59,950 | INFO | HTTP Request: HEAD https://huggingface.co/api/resolve-cache/models/sentence-transformers/all-MiniLM-L6-v2/1110a243fdf4706b3f48f1d95db1a4f5529b4d41/modules.json "HTTP/1.1 200 OK"
2026-07-05 05:31:00,172 | INFO | HTTP Request: HEAD https://huggingface.co/sentence-transformers/all-MiniLM-L6-v2/resolve/main/config_sentence_transformers.json "HTTP/1.1 307 Temporary Redirect"
2026-07-05 05:31:00,172 | WARNING | Warning: You are sending unauthenticated requests to the HF Hub. Please set a HF_TOKEN to enable higher rate limits and faster downloads.
2026-07-05 05:31:00,181 | INFO | HTTP Request: HEAD https://huggingface.co/api/resolve-cache/models/sentence-transformers/all-MiniLM-L6-v2/1110a243fdf4706b3f48f1d95db1a4f5529b4d41/config_sentence_transformers.json "HTTP/1.1 200 OK"
2026-07-05 05:31:00,182 | INFO | Loading SentenceTransformer model from sentence-transformers/all-MiniLM-L6-v2.
2026-07-05 05:31:00,404 | INFO | HTTP Request: HEAD https://huggingface.co/sentence-transformers/all-MiniLM-L6-v2/resolve/main/config_sentence_transformers.json "HTTP/1.1 307 Temporary Redirect"
2026-07-05 05:31:00,415 | INFO | HTTP Request: HEAD https://huggingface.co/api/resolve-cache/models/sentence-transformers/all-MiniLM-L6-v2/1110a243fdf4706b3f48f1d95db1a4f5529b4d41/config_sentence_transformers.json "HTTP/1.1 200 OK"
2026-07-05 05:31:00,636 | INFO | HTTP Request: HEAD https://huggingface.co/sentence-transformers/all-MiniLM-L6-v2/resolve/main/README.md "HTTP/1.1 307 Temporary Redirect"
2026-07-05 05:31:00,646 | INFO | HTTP Request: HEAD https://huggingface.co/api/resolve-cache/models/sentence-transformers/all-MiniLM-L6-v2/1110a243fdf4706b3f48f1d95db1a4f5529b4d41/README.md "HTTP/1.1 200 OK"
2026-07-05 05:31:00,857 | INFO | HTTP Request: HEAD https://huggingface.co/sentence-transformers/all-MiniLM-L6-v2/resolve/main/modules.json "HTTP/1.1 307 Temporary Redirect"
2026-07-05 05:31:00,868 | INFO | HTTP Request: HEAD https://huggingface.co/api/resolve-cache/models/sentence-transformers/all-MiniLM-L6-v2/1110a243fdf4706b3f48f1d95db1a4f5529b4d41/modules.json "HTTP/1.1 200 OK"
2026-07-05 05:31:01,093 | INFO | HTTP Request: HEAD https://huggingface.co/sentence-transformers/all-MiniLM-L6-v2/resolve/main/sentence_bert_config.json "HTTP/1.1 307 Temporary Redirect"
2026-07-05 05:31:01,104 | INFO | HTTP Request: HEAD https://huggingface.co/api/resolve-cache/models/sentence-transformers/all-MiniLM-L6-v2/1110a243fdf4706b3f48f1d95db1a4f5529b4d41/sentence_bert_config.json "HTTP/1.1 200 OK"
2026-07-05 05:31:01,316 | INFO | HTTP Request: HEAD https://huggingface.co/sentence-transformers/all-MiniLM-L6-v2/resolve/main/adapter_config.json "HTTP/1.1 404 Not Found"
2026-07-05 05:31:01,541 | INFO | HTTP Request: HEAD https://huggingface.co/sentence-transformers/all-MiniLM-L6-v2/resolve/main/config.json "HTTP/1.1 307 Temporary Redirect"
2026-07-05 05:31:01,554 | INFO | HTTP Request: HEAD https://huggingface.co/api/resolve-cache/models/sentence-transformers/all-MiniLM-L6-v2/1110a243fdf4706b3f48f1d95db1a4f5529b4d41/config.json "HTTP/1.1 200 OK"
2026-07-05 05:31:02,002 | INFO | HTTP Request: HEAD https://huggingface.co/sentence-transformers/all-MiniLM-L6-v2/resolve/main/processor_config.json "HTTP/1.1 404 Not Found"
2026-07-05 05:31:02,210 | INFO | HTTP Request: HEAD https://huggingface.co/sentence-transformers/all-MiniLM-L6-v2/resolve/main/preprocessor_config.json "HTTP/1.1 404 Not Found"
2026-07-05 05:31:02,420 | INFO | HTTP Request: HEAD https://huggingface.co/sentence-transformers/all-MiniLM-L6-v2/resolve/main/video_preprocessor_config.json "HTTP/1.1 404 Not Found"
2026-07-05 05:31:02,630 | INFO | HTTP Request: HEAD https://huggingface.co/sentence-transformers/all-MiniLM-L6-v2/resolve/main/preprocessor_config.json "HTTP/1.1 404 Not Found"
2026-07-05 05:31:02,837 | INFO | HTTP Request: HEAD https://huggingface.co/sentence-transformers/all-MiniLM-L6-v2/resolve/main/tokenizer_config.json "HTTP/1.1 307 Temporary Redirect"
2026-07-05 05:31:02,849 | INFO | HTTP Request: HEAD https://huggingface.co/api/resolve-cache/models/sentence-transformers/all-MiniLM-L6-v2/1110a243fdf4706b3f48f1d95db1a4f5529b4d41/tokenizer_config.json "HTTP/1.1 200 OK"
2026-07-05 05:31:03,056 | INFO | HTTP Request: HEAD https://huggingface.co/sentence-transformers/all-MiniLM-L6-v2/resolve/main/config.json "HTTP/1.1 307 Temporary Redirect"
2026-07-05 05:31:03,067 | INFO | HTTP Request: HEAD https://huggingface.co/api/resolve-cache/models/sentence-transformers/all-MiniLM-L6-v2/1110a243fdf4706b3f48f1d95db1a4f5529b4d41/config.json "HTTP/1.1 200 OK"
2026-07-05 05:31:03,276 | INFO | HTTP Request: HEAD https://huggingface.co/sentence-transformers/all-MiniLM-L6-v2/resolve/main/config.json "HTTP/1.1 307 Temporary Redirect"
2026-07-05 05:31:03,285 | INFO | HTTP Request: HEAD https://huggingface.co/api/resolve-cache/models/sentence-transformers/all-MiniLM-L6-v2/1110a243fdf4706b3f48f1d95db1a4f5529b4d41/config.json "HTTP/1.1 200 OK"
2026-07-05 05:31:03,491 | INFO | HTTP Request: HEAD https://huggingface.co/sentence-transformers/all-MiniLM-L6-v2/resolve/main/tokenizer_config.json "HTTP/1.1 307 Temporary Redirect"
2026-07-05 05:31:03,503 | INFO | HTTP Request: HEAD https://huggingface.co/api/resolve-cache/models/sentence-transformers/all-MiniLM-L6-v2/1110a243fdf4706b3f48f1d95db1a4f5529b4d41/tokenizer_config.json "HTTP/1.1 200 OK"
2026-07-05 05:31:03,729 | INFO | HTTP Request: GET https://huggingface.co/api/models/sentence-transformers/all-MiniLM-L6-v2/tree/main/additional_chat_templates?recursive=false&expand=false "HTTP/1.1 404 Not Found"
2026-07-05 05:31:03,939 | INFO | HTTP Request: GET https://huggingface.co/api/models/sentence-transformers/all-MiniLM-L6-v2/tree/main?recursive=true&expand=false "HTTP/1.1 200 OK"
2026-07-05 05:31:04,219 | INFO | HTTP Request: HEAD https://huggingface.co/sentence-transformers/all-MiniLM-L6-v2/resolve/main/1_Pooling/config.json "HTTP/1.1 307 Temporary Redirect"
2026-07-05 05:31:04,228 | INFO | HTTP Request: HEAD https://huggingface.co/api/resolve-cache/models/sentence-transformers/all-MiniLM-L6-v2/1110a243fdf4706b3f48f1d95db1a4f5529b4d41/1_Pooling%2Fconfig.json "HTTP/1.1 200 OK"
2026-07-05 05:31:04,454 | INFO | HTTP Request: GET https://huggingface.co/api/models/sentence-transformers/all-MiniLM-L6-v2 "HTTP/1.1 200 OK"
2026-07-05 05:31:04,458 | INFO | Model Loaded : all-MiniLM-L6-v2
2026-07-05 05:32:26,074 | INFO | ============================================================
2026-07-05 05:32:26,074 | INFO | Loading Embedding Model
2026-07-05 05:32:26,074 | INFO | ============================================================
2026-07-05 05:32:26,075 | INFO | No device provided, using cpu
2026-07-05 05:32:26,373 | INFO | HTTP Request: HEAD https://huggingface.co/sentence-transformers/all-MiniLM-L6-v2/resolve/main/modules.json "HTTP/1.1 307 Temporary Redirect"
2026-07-05 05:32:26,377 | WARNING | Warning: You are sending unauthenticated requests to the HF Hub. Please set a HF_TOKEN to enable higher rate limits and faster downloads.
2026-07-05 05:32:26,403 | INFO | HTTP Request: HEAD https://huggingface.co/api/resolve-cache/models/sentence-transformers/all-MiniLM-L6-v2/1110a243fdf4706b3f48f1d95db1a4f5529b4d41/modules.json "HTTP/1.1 200 OK"
2026-07-05 05:32:26,633 | INFO | HTTP Request: HEAD https://huggingface.co/sentence-transformers/all-MiniLM-L6-v2/resolve/main/config_sentence_transformers.json "HTTP/1.1 307 Temporary Redirect"
2026-07-05 05:32:26,655 | INFO | HTTP Request: HEAD https://huggingface.co/api/resolve-cache/models/sentence-transformers/all-MiniLM-L6-v2/1110a243fdf4706b3f48f1d95db1a4f5529b4d41/config_sentence_transformers.json "HTTP/1.1 200 OK"
2026-07-05 05:32:26,656 | INFO | Loading SentenceTransformer model from sentence-transformers/all-MiniLM-L6-v2.
2026-07-05 05:32:26,892 | INFO | HTTP Request: HEAD https://huggingface.co/sentence-transformers/all-MiniLM-L6-v2/resolve/main/config_sentence_transformers.json "HTTP/1.1 307 Temporary Redirect"
2026-07-05 05:32:26,913 | INFO | HTTP Request: HEAD https://huggingface.co/api/resolve-cache/models/sentence-transformers/all-MiniLM-L6-v2/1110a243fdf4706b3f48f1d95db1a4f5529b4d41/config_sentence_transformers.json "HTTP/1.1 200 OK"
2026-07-05 05:32:27,141 | INFO | HTTP Request: HEAD https://huggingface.co/sentence-transformers/all-MiniLM-L6-v2/resolve/main/README.md "HTTP/1.1 307 Temporary Redirect"
2026-07-05 05:32:27,162 | INFO | HTTP Request: HEAD https://huggingface.co/api/resolve-cache/models/sentence-transformers/all-MiniLM-L6-v2/1110a243fdf4706b3f48f1d95db1a4f5529b4d41/README.md "HTTP/1.1 200 OK"
2026-07-05 05:32:27,392 | INFO | HTTP Request: HEAD https://huggingface.co/sentence-transformers/all-MiniLM-L6-v2/resolve/main/modules.json "HTTP/1.1 307 Temporary Redirect"
2026-07-05 05:32:27,414 | INFO | HTTP Request: HEAD https://huggingface.co/api/resolve-cache/models/sentence-transformers/all-MiniLM-L6-v2/1110a243fdf4706b3f48f1d95db1a4f5529b4d41/modules.json "HTTP/1.1 200 OK"
2026-07-05 05:32:27,642 | INFO | HTTP Request: HEAD https://huggingface.co/sentence-transformers/all-MiniLM-L6-v2/resolve/main/sentence_bert_config.json "HTTP/1.1 307 Temporary Redirect"
2026-07-05 05:32:27,663 | INFO | HTTP Request: HEAD https://huggingface.co/api/resolve-cache/models/sentence-transformers/all-MiniLM-L6-v2/1110a243fdf4706b3f48f1d95db1a4f5529b4d41/sentence_bert_config.json "HTTP/1.1 200 OK"
2026-07-05 05:32:27,895 | INFO | HTTP Request: HEAD https://huggingface.co/sentence-transformers/all-MiniLM-L6-v2/resolve/main/adapter_config.json "HTTP/1.1 404 Not Found"
2026-07-05 05:32:28,128 | INFO | HTTP Request: HEAD https://huggingface.co/sentence-transformers/all-MiniLM-L6-v2/resolve/main/config.json "HTTP/1.1 307 Temporary Redirect"
2026-07-05 05:32:28,150 | INFO | HTTP Request: HEAD https://huggingface.co/api/resolve-cache/models/sentence-transformers/all-MiniLM-L6-v2/1110a243fdf4706b3f48f1d95db1a4f5529b4d41/config.json "HTTP/1.1 200 OK"
2026-07-05 05:32:28,540 | INFO | HTTP Request: HEAD https://huggingface.co/sentence-transformers/all-MiniLM-L6-v2/resolve/main/processor_config.json "HTTP/1.1 404 Not Found"
2026-07-05 05:32:28,775 | INFO | HTTP Request: HEAD https://huggingface.co/sentence-transformers/all-MiniLM-L6-v2/resolve/main/preprocessor_config.json "HTTP/1.1 404 Not Found"
2026-07-05 05:32:29,007 | INFO | HTTP Request: HEAD https://huggingface.co/sentence-transformers/all-MiniLM-L6-v2/resolve/main/video_preprocessor_config.json "HTTP/1.1 404 Not Found"
2026-07-05 05:32:29,239 | INFO | HTTP Request: HEAD https://huggingface.co/sentence-transformers/all-MiniLM-L6-v2/resolve/main/preprocessor_config.json "HTTP/1.1 404 Not Found"
2026-07-05 05:32:29,473 | INFO | HTTP Request: HEAD https://huggingface.co/sentence-transformers/all-MiniLM-L6-v2/resolve/main/tokenizer_config.json "HTTP/1.1 307 Temporary Redirect"
2026-07-05 05:32:29,495 | INFO | HTTP Request: HEAD https://huggingface.co/api/resolve-cache/models/sentence-transformers/all-MiniLM-L6-v2/1110a243fdf4706b3f48f1d95db1a4f5529b4d41/tokenizer_config.json "HTTP/1.1 200 OK"
2026-07-05 05:32:29,725 | INFO | HTTP Request: HEAD https://huggingface.co/sentence-transformers/all-MiniLM-L6-v2/resolve/main/config.json "HTTP/1.1 307 Temporary Redirect"
2026-07-05 05:32:29,748 | INFO | HTTP Request: HEAD https://huggingface.co/api/resolve-cache/models/sentence-transformers/all-MiniLM-L6-v2/1110a243fdf4706b3f48f1d95db1a4f5529b4d41/config.json "HTTP/1.1 200 OK"
2026-07-05 05:32:29,998 | INFO | HTTP Request: HEAD https://huggingface.co/sentence-transformers/all-MiniLM-L6-v2/resolve/main/config.json "HTTP/1.1 307 Temporary Redirect"
2026-07-05 05:32:30,019 | INFO | HTTP Request: HEAD https://huggingface.co/api/resolve-cache/models/sentence-transformers/all-MiniLM-L6-v2/1110a243fdf4706b3f48f1d95db1a4f5529b4d41/config.json "HTTP/1.1 200 OK"
2026-07-05 05:32:30,249 | INFO | HTTP Request: HEAD https://huggingface.co/sentence-transformers/all-MiniLM-L6-v2/resolve/main/tokenizer_config.json "HTTP/1.1 307 Temporary Redirect"
2026-07-05 05:32:30,270 | INFO | HTTP Request: HEAD https://huggingface.co/api/resolve-cache/models/sentence-transformers/all-MiniLM-L6-v2/1110a243fdf4706b3f48f1d95db1a4f5529b4d41/tokenizer_config.json "HTTP/1.1 200 OK"
2026-07-05 05:32:30,510 | INFO | HTTP Request: GET https://huggingface.co/api/models/sentence-transformers/all-MiniLM-L6-v2/tree/main/additional_chat_templates?recursive=false&expand=false "HTTP/1.1 404 Not Found"
2026-07-05 05:32:30,751 | INFO | HTTP Request: GET https://huggingface.co/api/models/sentence-transformers/all-MiniLM-L6-v2/tree/main?recursive=true&expand=false "HTTP/1.1 200 OK"
2026-07-05 05:32:31,027 | INFO | HTTP Request: HEAD https://huggingface.co/sentence-transformers/all-MiniLM-L6-v2/resolve/main/1_Pooling/config.json "HTTP/1.1 307 Temporary Redirect"
2026-07-05 05:32:31,049 | INFO | HTTP Request: HEAD https://huggingface.co/api/resolve-cache/models/sentence-transformers/all-MiniLM-L6-v2/1110a243fdf4706b3f48f1d95db1a4f5529b4d41/1_Pooling%2Fconfig.json "HTTP/1.1 200 OK"
2026-07-05 05:32:31,279 | INFO | HTTP Request: GET https://huggingface.co/api/models/sentence-transformers/all-MiniLM-L6-v2 "HTTP/1.1 200 OK"
2026-07-05 05:32:31,285 | INFO | Model Loaded : all-MiniLM-L6-v2
2026-07-05 05:52:11,830 | INFO | ============================================================
2026-07-05 05:52:11,830 | INFO | Generating Internship Embeddings
2026-07-05 05:52:11,830 | INFO | ============================================================
2026-07-05 05:52:12,536 | INFO | ============================================================
2026-07-05 05:52:12,536 | INFO | Loading Embedding Model
2026-07-05 05:52:12,536 | INFO | ============================================================
2026-07-05 05:52:12,538 | INFO | No device provided, using cpu
2026-07-05 05:52:12,819 | INFO | HTTP Request: HEAD https://huggingface.co/sentence-transformers/all-MiniLM-L6-v2/resolve/main/modules.json "HTTP/1.1 307 Temporary Redirect"
2026-07-05 05:52:12,820 | WARNING | Warning: You are sending unauthenticated requests to the HF Hub. Please set a HF_TOKEN to enable higher rate limits and faster downloads.
2026-07-05 05:52:12,830 | INFO | HTTP Request: HEAD https://huggingface.co/api/resolve-cache/models/sentence-transformers/all-MiniLM-L6-v2/1110a243fdf4706b3f48f1d95db1a4f5529b4d41/modules.json "HTTP/1.1 200 OK"
2026-07-05 05:52:13,054 | INFO | HTTP Request: HEAD https://huggingface.co/sentence-transformers/all-MiniLM-L6-v2/resolve/main/config_sentence_transformers.json "HTTP/1.1 307 Temporary Redirect"
2026-07-05 05:52:13,063 | INFO | HTTP Request: HEAD https://huggingface.co/api/resolve-cache/models/sentence-transformers/all-MiniLM-L6-v2/1110a243fdf4706b3f48f1d95db1a4f5529b4d41/config_sentence_transformers.json "HTTP/1.1 200 OK"
2026-07-05 05:52:13,065 | INFO | Loading SentenceTransformer model from sentence-transformers/all-MiniLM-L6-v2.
2026-07-05 05:52:13,272 | INFO | HTTP Request: HEAD https://huggingface.co/sentence-transformers/all-MiniLM-L6-v2/resolve/main/config_sentence_transformers.json "HTTP/1.1 307 Temporary Redirect"
2026-07-05 05:52:13,281 | INFO | HTTP Request: HEAD https://huggingface.co/api/resolve-cache/models/sentence-transformers/all-MiniLM-L6-v2/1110a243fdf4706b3f48f1d95db1a4f5529b4d41/config_sentence_transformers.json "HTTP/1.1 200 OK"
2026-07-05 05:52:13,504 | INFO | HTTP Request: HEAD https://huggingface.co/sentence-transformers/all-MiniLM-L6-v2/resolve/main/README.md "HTTP/1.1 307 Temporary Redirect"
2026-07-05 05:52:13,513 | INFO | HTTP Request: HEAD https://huggingface.co/api/resolve-cache/models/sentence-transformers/all-MiniLM-L6-v2/1110a243fdf4706b3f48f1d95db1a4f5529b4d41/README.md "HTTP/1.1 200 OK"
2026-07-05 05:52:13,734 | INFO | HTTP Request: HEAD https://huggingface.co/sentence-transformers/all-MiniLM-L6-v2/resolve/main/modules.json "HTTP/1.1 307 Temporary Redirect"
2026-07-05 05:52:13,743 | INFO | HTTP Request: HEAD https://huggingface.co/api/resolve-cache/models/sentence-transformers/all-MiniLM-L6-v2/1110a243fdf4706b3f48f1d95db1a4f5529b4d41/modules.json "HTTP/1.1 200 OK"
2026-07-05 05:52:13,952 | INFO | HTTP Request: HEAD https://huggingface.co/sentence-transformers/all-MiniLM-L6-v2/resolve/main/sentence_bert_config.json "HTTP/1.1 307 Temporary Redirect"
2026-07-05 05:52:13,962 | INFO | HTTP Request: HEAD https://huggingface.co/api/resolve-cache/models/sentence-transformers/all-MiniLM-L6-v2/1110a243fdf4706b3f48f1d95db1a4f5529b4d41/sentence_bert_config.json "HTTP/1.1 200 OK"
2026-07-05 05:52:14,199 | INFO | HTTP Request: HEAD https://huggingface.co/sentence-transformers/all-MiniLM-L6-v2/resolve/main/adapter_config.json "HTTP/1.1 404 Not Found"
2026-07-05 05:52:14,407 | INFO | HTTP Request: HEAD https://huggingface.co/sentence-transformers/all-MiniLM-L6-v2/resolve/main/config.json "HTTP/1.1 307 Temporary Redirect"
2026-07-05 05:52:14,417 | INFO | HTTP Request: HEAD https://huggingface.co/api/resolve-cache/models/sentence-transformers/all-MiniLM-L6-v2/1110a243fdf4706b3f48f1d95db1a4f5529b4d41/config.json "HTTP/1.1 200 OK"
2026-07-05 05:52:14,843 | INFO | HTTP Request: HEAD https://huggingface.co/sentence-transformers/all-MiniLM-L6-v2/resolve/main/processor_config.json "HTTP/1.1 404 Not Found"
2026-07-05 05:52:15,052 | INFO | HTTP Request: HEAD https://huggingface.co/sentence-transformers/all-MiniLM-L6-v2/resolve/main/preprocessor_config.json "HTTP/1.1 404 Not Found"
2026-07-05 05:52:15,274 | INFO | HTTP Request: HEAD https://huggingface.co/sentence-transformers/all-MiniLM-L6-v2/resolve/main/video_preprocessor_config.json "HTTP/1.1 404 Not Found"
2026-07-05 05:52:15,498 | INFO | HTTP Request: HEAD https://huggingface.co/sentence-transformers/all-MiniLM-L6-v2/resolve/main/preprocessor_config.json "HTTP/1.1 404 Not Found"
2026-07-05 05:52:15,702 | INFO | HTTP Request: HEAD https://huggingface.co/sentence-transformers/all-MiniLM-L6-v2/resolve/main/tokenizer_config.json "HTTP/1.1 307 Temporary Redirect"
2026-07-05 05:52:15,714 | INFO | HTTP Request: HEAD https://huggingface.co/api/resolve-cache/models/sentence-transformers/all-MiniLM-L6-v2/1110a243fdf4706b3f48f1d95db1a4f5529b4d41/tokenizer_config.json "HTTP/1.1 200 OK"
2026-07-05 05:52:15,937 | INFO | HTTP Request: HEAD https://huggingface.co/sentence-transformers/all-MiniLM-L6-v2/resolve/main/config.json "HTTP/1.1 307 Temporary Redirect"
2026-07-05 05:52:15,945 | INFO | HTTP Request: HEAD https://huggingface.co/api/resolve-cache/models/sentence-transformers/all-MiniLM-L6-v2/1110a243fdf4706b3f48f1d95db1a4f5529b4d41/config.json "HTTP/1.1 200 OK"
2026-07-05 05:52:16,179 | INFO | HTTP Request: HEAD https://huggingface.co/sentence-transformers/all-MiniLM-L6-v2/resolve/main/config.json "HTTP/1.1 307 Temporary Redirect"
2026-07-05 05:52:16,188 | INFO | HTTP Request: HEAD https://huggingface.co/api/resolve-cache/models/sentence-transformers/all-MiniLM-L6-v2/1110a243fdf4706b3f48f1d95db1a4f5529b4d41/config.json "HTTP/1.1 200 OK"
2026-07-05 05:52:16,413 | INFO | HTTP Request: HEAD https://huggingface.co/sentence-transformers/all-MiniLM-L6-v2/resolve/main/tokenizer_config.json "HTTP/1.1 307 Temporary Redirect"
2026-07-05 05:52:16,423 | INFO | HTTP Request: HEAD https://huggingface.co/api/resolve-cache/models/sentence-transformers/all-MiniLM-L6-v2/1110a243fdf4706b3f48f1d95db1a4f5529b4d41/tokenizer_config.json "HTTP/1.1 200 OK"
2026-07-05 05:52:16,649 | INFO | HTTP Request: GET https://huggingface.co/api/models/sentence-transformers/all-MiniLM-L6-v2/tree/main/additional_chat_templates?recursive=false&expand=false "HTTP/1.1 404 Not Found"
2026-07-05 05:52:16,873 | INFO | HTTP Request: GET https://huggingface.co/api/models/sentence-transformers/all-MiniLM-L6-v2/tree/main?recursive=true&expand=false "HTTP/1.1 200 OK"
2026-07-05 05:52:17,116 | INFO | HTTP Request: HEAD https://huggingface.co/sentence-transformers/all-MiniLM-L6-v2/resolve/main/1_Pooling/config.json "HTTP/1.1 307 Temporary Redirect"
2026-07-05 05:52:17,125 | INFO | HTTP Request: HEAD https://huggingface.co/api/resolve-cache/models/sentence-transformers/all-MiniLM-L6-v2/1110a243fdf4706b3f48f1d95db1a4f5529b4d41/1_Pooling%2Fconfig.json "HTTP/1.1 200 OK"
2026-07-05 05:52:17,336 | INFO | HTTP Request: GET https://huggingface.co/api/models/sentence-transformers/all-MiniLM-L6-v2 "HTTP/1.1 200 OK"
2026-07-05 05:52:17,339 | INFO | Model Loaded : all-MiniLM-L6-v2
2026-07-05 05:56:24,048 | INFO | Embeddings Generated Successfully
2026-07-05 05:56:24,048 | INFO | Records : 6555
2026-07-05 05:56:24,048 | INFO | Dimension : 384
2026-07-05 05:56:24,048 | INFO | Saved -> data/embeddings
2026-07-09 05:39:35,530 | INFO | ======================================================================
2026-07-09 05:39:35,624 | INFO | Loading Recommendation Engine
2026-07-09 05:39:35,624 | INFO | ======================================================================
2026-07-20 09:04:27,254 | INFO | ============================================================
2026-07-20 09:04:27,283 | INFO | Searching : Python Internship
2026-07-20 09:04:27,283 | INFO | ============================================================
2026-07-20 09:05:53,342 | INFO | ============================================================
2026-07-20 09:05:53,342 | INFO | Fetching : Software Engineer Internship
2026-07-20 09:05:53,342 | INFO | ============================================================
2026-07-20 09:05:53,342 | INFO | ============================================================
2026-07-20 09:05:53,342 | INFO | Searching : Software Engineer Internship
2026-07-20 09:05:53,342 | INFO | ============================================================
2026-07-20 09:05:55,141 | INFO | ============================================================
2026-07-20 09:05:55,142 | INFO | Searching : Software Engineer Internship
2026-07-20 09:05:55,142 | INFO | ============================================================
2026-07-20 09:05:55,882 | INFO | ============================================================
2026-07-20 09:05:55,882 | INFO | Fetching : Backend Developer Internship
2026-07-20 09:05:55,882 | INFO | ============================================================
2026-07-20 09:05:55,882 | INFO | ============================================================
2026-07-20 09:05:55,882 | INFO | Searching : Backend Developer Internship
2026-07-20 09:05:55,882 | INFO | ============================================================
2026-07-20 09:05:56,977 | INFO | ============================================================
2026-07-20 09:05:56,977 | INFO | Searching : Backend Developer Internship
2026-07-20 09:05:56,977 | INFO | ============================================================
2026-07-20 09:05:57,707 | INFO | ============================================================
2026-07-20 09:05:57,708 | INFO | Fetching : Frontend Developer Internship
2026-07-20 09:05:57,708 | INFO | ============================================================
2026-07-20 09:05:57,708 | INFO | ============================================================
2026-07-20 09:05:57,708 | INFO | Searching : Frontend Developer Internship
2026-07-20 09:05:57,708 | INFO | ============================================================
2026-07-20 09:05:59,085 | INFO | ============================================================
2026-07-20 09:05:59,085 | INFO | Searching : Frontend Developer Internship
2026-07-20 09:05:59,085 | INFO | ============================================================
2026-07-20 09:05:59,931 | INFO | ============================================================
2026-07-20 09:05:59,931 | INFO | Fetching : Full Stack Internship
2026-07-20 09:05:59,931 | INFO | ============================================================
2026-07-20 09:05:59,931 | INFO | ============================================================
2026-07-20 09:05:59,931 | INFO | Searching : Full Stack Internship
2026-07-20 09:05:59,931 | INFO | ============================================================
2026-07-20 09:06:01,494 | INFO | ============================================================
2026-07-20 09:06:01,494 | INFO | Searching : Full Stack Internship
2026-07-20 09:06:01,494 | INFO | ============================================================
2026-07-20 09:06:02,291 | INFO | ============================================================
2026-07-20 09:06:02,292 | INFO | Fetching : Python Internship
2026-07-20 09:06:02,292 | INFO | ============================================================
2026-07-20 09:06:02,292 | INFO | ============================================================
2026-07-20 09:06:02,292 | INFO | Searching : Python Internship
2026-07-20 09:06:02,292 | INFO | ============================================================
2026-07-20 09:06:05,342 | INFO | ============================================================
2026-07-20 09:06:05,342 | INFO | Searching : Python Internship
2026-07-20 09:06:05,342 | INFO | ============================================================
2026-07-20 09:06:06,100 | INFO | ============================================================
2026-07-20 09:06:06,100 | INFO | Fetching : Java Internship
2026-07-20 09:06:06,100 | INFO | ============================================================
2026-07-20 09:06:06,100 | INFO | ============================================================
2026-07-20 09:06:06,100 | INFO | Searching : Java Internship
2026-07-20 09:06:06,100 | INFO | ============================================================
2026-07-20 09:06:07,187 | INFO | ============================================================
2026-07-20 09:06:07,187 | INFO | Searching : Java Internship
2026-07-20 09:06:07,188 | INFO | ============================================================
2026-07-20 09:06:07,877 | INFO | ============================================================
2026-07-20 09:06:07,878 | INFO | Fetching : Machine Learning Internship
2026-07-20 09:06:07,878 | INFO | ============================================================
2026-07-20 09:06:07,878 | INFO | ============================================================
2026-07-20 09:06:07,878 | INFO | Searching : Machine Learning Internship
2026-07-20 09:06:07,878 | INFO | ============================================================
2026-07-20 09:06:09,056 | INFO | ============================================================
2026-07-20 09:06:09,056 | INFO | Searching : Machine Learning Internship
2026-07-20 09:06:09,056 | INFO | ============================================================
2026-07-20 09:06:09,768 | INFO | ============================================================
2026-07-20 09:06:09,768 | INFO | Fetching : Artificial Intelligence Internship
2026-07-20 09:06:09,768 | INFO | ============================================================
2026-07-20 09:06:09,768 | INFO | ============================================================
2026-07-20 09:06:09,768 | INFO | Searching : Artificial Intelligence Internship
2026-07-20 09:06:09,768 | INFO | ============================================================
2026-07-20 09:06:10,522 | INFO | ============================================================
2026-07-20 09:06:10,522 | INFO | Searching : Artificial Intelligence Internship
2026-07-20 09:06:10,522 | INFO | ============================================================
2026-07-20 09:06:11,221 | INFO | ============================================================
2026-07-20 09:06:11,221 | INFO | Fetching : Data Science Internship
2026-07-20 09:06:11,221 | INFO | ============================================================
2026-07-20 09:06:11,221 | INFO | ============================================================
2026-07-20 09:06:11,221 | INFO | Searching : Data Science Internship
2026-07-20 09:06:11,221 | INFO | ============================================================
2026-07-20 09:06:12,850 | INFO | ============================================================
2026-07-20 09:06:12,851 | INFO | Searching : Data Science Internship
2026-07-20 09:06:12,851 | INFO | ============================================================
2026-07-20 09:06:13,549 | INFO | ============================================================
2026-07-20 09:06:13,550 | INFO | Fetching : Cloud Internship
2026-07-20 09:06:13,550 | INFO | ============================================================
2026-07-20 09:06:13,550 | INFO | ============================================================
2026-07-20 09:06:13,550 | INFO | Searching : Cloud Internship
2026-07-20 09:06:13,550 | INFO | ============================================================
2026-07-20 09:06:14,684 | INFO | ============================================================
2026-07-20 09:06:14,685 | INFO | Searching : Cloud Internship
2026-07-20 09:06:14,685 | INFO | ============================================================
2026-07-20 09:06:15,401 | INFO | ============================================================
2026-07-20 09:06:15,402 | INFO | Fetching : DevOps Internship
2026-07-20 09:06:15,402 | INFO | ============================================================
2026-07-20 09:06:15,402 | INFO | ============================================================
2026-07-20 09:06:15,402 | INFO | Searching : DevOps Internship
2026-07-20 09:06:15,402 | INFO | ============================================================
2026-07-20 09:06:16,594 | INFO | ============================================================
2026-07-20 09:06:16,594 | INFO | Searching : DevOps Internship
2026-07-20 09:06:16,594 | INFO | ============================================================
2026-07-20 09:06:17,352 | INFO | ============================================================
2026-07-20 09:06:17,352 | INFO | Fetching : Cyber Security Internship
2026-07-20 09:06:17,353 | INFO | ============================================================
2026-07-20 09:06:17,353 | INFO | ============================================================
2026-07-20 09:06:17,353 | INFO | Searching : Cyber Security Internship
2026-07-20 09:06:17,353 | INFO | ============================================================
2026-07-20 09:06:18,099 | INFO | ============================================================
2026-07-20 09:06:18,100 | INFO | Searching : Cyber Security Internship
2026-07-20 09:06:18,100 | INFO | ============================================================
2026-07-20 09:06:18,793 | INFO | ============================================================
2026-07-20 09:06:18,794 | INFO | Fetching : Android Internship
2026-07-20 09:06:18,794 | INFO | ============================================================
2026-07-20 09:06:18,794 | INFO | ============================================================
2026-07-20 09:06:18,794 | INFO | Searching : Android Internship
2026-07-20 09:06:18,794 | INFO | ============================================================
2026-07-20 09:06:19,683 | INFO | ============================================================
2026-07-20 09:06:19,683 | INFO | Searching : Android Internship
2026-07-20 09:06:19,683 | INFO | ============================================================
2026-07-20 09:06:20,367 | INFO | ============================================================
2026-07-20 09:06:20,367 | INFO | Fetching : Flutter Internship
2026-07-20 09:06:20,367 | INFO | ============================================================
2026-07-20 09:06:20,367 | INFO | ============================================================
2026-07-20 09:06:20,367 | INFO | Searching : Flutter Internship
2026-07-20 09:06:20,367 | INFO | ============================================================
2026-07-20 09:06:21,246 | INFO | ============================================================
2026-07-20 09:06:21,246 | INFO | Searching : Flutter Internship
2026-07-20 09:06:21,246 | INFO | ============================================================
2026-07-20 09:06:21,963 | INFO | ============================================================
2026-07-20 09:06:21,964 | INFO | Fetching : React Internship
2026-07-20 09:06:21,964 | INFO | ============================================================
2026-07-20 09:06:21,964 | INFO | ============================================================
2026-07-20 09:06:21,964 | INFO | Searching : React Internship
2026-07-20 09:06:21,964 | INFO | ============================================================
2026-07-20 09:06:23,377 | INFO | ============================================================
2026-07-20 09:06:23,377 | INFO | Searching : React Internship
2026-07-20 09:06:23,377 | INFO | ============================================================
2026-07-20 09:06:24,186 | INFO | ============================================================
2026-07-20 09:06:24,186 | INFO | Saved 305 jobs
2026-07-20 09:06:24,187 | INFO | ============================================================
2026-07-20 09:21:42,842 | INFO | ============================================================
2026-07-20 09:21:42,843 | INFO | Loading Adzuna Dataset
2026-07-20 09:21:42,843 | INFO | ============================================================
2026-07-20 09:21:42,847 | INFO | Records : 305
2026-07-20 09:21:42,848 | INFO | Extracting Skills...
2026-07-20 09:21:44,573 | INFO | Normalizing Roles...
2026-07-20 09:21:44,576 | INFO | ============================================================
2026-07-20 09:21:44,576 | INFO | Normalizing Roles
2026-07-20 09:21:44,576 | INFO | ============================================================
2026-07-20 09:21:44,578 | INFO | Role Normalization Completed
2026-07-20 09:21:44,578 | INFO | Creating Internship Text...
2026-07-20 09:21:44,712 | INFO | ============================================================
2026-07-20 09:21:44,712 | INFO | Saved Processed Adzuna Dataset
2026-07-20 09:21:44,712 | INFO | ============================================================
2026-07-20 09:21:44,713 | INFO | Records : 305
2026-07-20 09:24:04,873 | INFO | ============================================================
2026-07-20 09:24:04,873 | INFO | Loading Datasets
2026-07-20 09:24:04,874 | INFO | ============================================================
2026-07-20 09:24:04,983 | INFO | Internshala : 6555
2026-07-20 09:24:04,983 | INFO | Adzuna      : 305
2026-07-20 09:24:04,997 | INFO | ============================================================
2026-07-20 09:24:04,997 | INFO | Before Merge : 6860
2026-07-20 09:24:04,997 | INFO | After Merge  : 6805
2026-07-20 09:24:04,997 | INFO | ============================================================
2026-07-20 09:24:05,105 | INFO | Merged Dataset Saved
2026-07-20 12:15:36,123 | INFO | ============================================================
2026-07-20 12:15:36,140 | INFO | Loading Dataset
2026-07-20 12:15:36,140 | INFO | ============================================================
2026-07-20 12:15:36,196 | INFO | Records : 6805
2026-07-20 12:15:36,196 | INFO | ============================================================
2026-07-20 12:15:36,197 | INFO | Preparing Dataset
2026-07-20 12:15:36,197 | INFO | ============================================================
2026-07-20 12:15:36,700 | INFO | ============================================================
2026-07-20 12:15:36,700 | INFO | Training Models
2026-07-20 12:15:36,700 | INFO | ============================================================
2026-07-20 12:15:36,700 | INFO | Training Logistic Regression
2026-07-20 12:15:40,552 | INFO | Training Random Forest
2026-07-20 12:15:52,091 | INFO | Training XGBoost
2026-07-20 12:17:54,627 | INFO | ============================================================
2026-07-20 12:17:54,628 | INFO | Evaluating Models
2026-07-20 12:17:54,628 | INFO | ============================================================
2026-07-20 12:17:55,073 | INFO | ============================================================
2026-07-20 12:17:55,073 | INFO | Saving Best Model
2026-07-20 12:17:55,073 | INFO | ============================================================
2026-07-20 12:17:55,287 | INFO | Best Model : XGBoost
2026-07-20 12:17:55,287 | INFO | ============================================================
2026-07-20 12:17:55,288 | INFO | Training Completed
2026-07-20 12:17:55,288 | INFO | ============================================================
2026-07-20 12:40:58,647 | INFO | ============================================================
2026-07-20 12:40:58,649 | INFO | Loading Dataset
2026-07-20 12:40:58,649 | INFO | ============================================================
2026-07-20 12:40:58,735 | INFO | Generating 6805 embeddings...
2026-07-20 12:40:58,735 | INFO | ============================================================
2026-07-20 12:40:58,735 | INFO | Loading Embedding Model
2026-07-20 12:40:58,736 | INFO | ============================================================
2026-07-20 12:40:58,739 | INFO | No device provided, using cpu
2026-07-20 12:40:59,097 | INFO | HTTP Request: GET https://huggingface.co/api/agent-harnesses "HTTP/1.1 200 OK"
2026-07-20 12:40:59,305 | INFO | HTTP Request: HEAD https://huggingface.co/sentence-transformers/all-MiniLM-L6-v2/resolve/main/modules.json "HTTP/1.1 307 Temporary Redirect"
2026-07-20 12:40:59,306 | WARNING | Warning: You are sending unauthenticated requests to the HF Hub. Please set a HF_TOKEN to enable higher rate limits and faster downloads.
2026-07-20 12:40:59,316 | INFO | HTTP Request: HEAD https://huggingface.co/api/resolve-cache/models/sentence-transformers/all-MiniLM-L6-v2/1110a243fdf4706b3f48f1d95db1a4f5529b4d41/modules.json "HTTP/1.1 200 OK"
2026-07-20 12:40:59,546 | INFO | HTTP Request: HEAD https://huggingface.co/sentence-transformers/all-MiniLM-L6-v2/resolve/main/config_sentence_transformers.json "HTTP/1.1 307 Temporary Redirect"
2026-07-20 12:40:59,558 | INFO | HTTP Request: HEAD https://huggingface.co/api/resolve-cache/models/sentence-transformers/all-MiniLM-L6-v2/1110a243fdf4706b3f48f1d95db1a4f5529b4d41/config_sentence_transformers.json "HTTP/1.1 200 OK"
2026-07-20 12:40:59,560 | INFO | Loading SentenceTransformer model from sentence-transformers/all-MiniLM-L6-v2.
2026-07-20 12:40:59,784 | INFO | HTTP Request: HEAD https://huggingface.co/sentence-transformers/all-MiniLM-L6-v2/resolve/main/config_sentence_transformers.json "HTTP/1.1 307 Temporary Redirect"
2026-07-20 12:40:59,795 | INFO | HTTP Request: HEAD https://huggingface.co/api/resolve-cache/models/sentence-transformers/all-MiniLM-L6-v2/1110a243fdf4706b3f48f1d95db1a4f5529b4d41/config_sentence_transformers.json "HTTP/1.1 200 OK"
2026-07-20 12:41:00,017 | INFO | HTTP Request: HEAD https://huggingface.co/sentence-transformers/all-MiniLM-L6-v2/resolve/main/README.md "HTTP/1.1 307 Temporary Redirect"
2026-07-20 12:41:00,027 | INFO | HTTP Request: HEAD https://huggingface.co/api/resolve-cache/models/sentence-transformers/all-MiniLM-L6-v2/1110a243fdf4706b3f48f1d95db1a4f5529b4d41/README.md "HTTP/1.1 200 OK"
2026-07-20 12:41:00,236 | INFO | HTTP Request: HEAD https://huggingface.co/sentence-transformers/all-MiniLM-L6-v2/resolve/main/modules.json "HTTP/1.1 307 Temporary Redirect"
2026-07-20 12:41:00,246 | INFO | HTTP Request: HEAD https://huggingface.co/api/resolve-cache/models/sentence-transformers/all-MiniLM-L6-v2/1110a243fdf4706b3f48f1d95db1a4f5529b4d41/modules.json "HTTP/1.1 200 OK"
2026-07-20 12:41:00,460 | INFO | HTTP Request: HEAD https://huggingface.co/sentence-transformers/all-MiniLM-L6-v2/resolve/main/sentence_bert_config.json "HTTP/1.1 307 Temporary Redirect"
2026-07-20 12:41:00,469 | INFO | HTTP Request: HEAD https://huggingface.co/api/resolve-cache/models/sentence-transformers/all-MiniLM-L6-v2/1110a243fdf4706b3f48f1d95db1a4f5529b4d41/sentence_bert_config.json "HTTP/1.1 200 OK"
2026-07-20 12:41:00,678 | INFO | HTTP Request: HEAD https://huggingface.co/sentence-transformers/all-MiniLM-L6-v2/resolve/main/adapter_config.json "HTTP/1.1 404 Not Found"
2026-07-20 12:41:00,886 | INFO | HTTP Request: HEAD https://huggingface.co/sentence-transformers/all-MiniLM-L6-v2/resolve/main/config.json "HTTP/1.1 307 Temporary Redirect"
2026-07-20 12:41:00,897 | INFO | HTTP Request: HEAD https://huggingface.co/api/resolve-cache/models/sentence-transformers/all-MiniLM-L6-v2/1110a243fdf4706b3f48f1d95db1a4f5529b4d41/config.json "HTTP/1.1 200 OK"
2026-07-20 12:41:03,879 | INFO | HTTP Request: HEAD https://huggingface.co/sentence-transformers/all-MiniLM-L6-v2/resolve/main/processor_config.json "HTTP/1.1 404 Not Found"
2026-07-20 12:41:04,103 | INFO | HTTP Request: HEAD https://huggingface.co/sentence-transformers/all-MiniLM-L6-v2/resolve/main/preprocessor_config.json "HTTP/1.1 404 Not Found"
2026-07-20 12:41:04,316 | INFO | HTTP Request: HEAD https://huggingface.co/sentence-transformers/all-MiniLM-L6-v2/resolve/main/video_preprocessor_config.json "HTTP/1.1 404 Not Found"
2026-07-20 12:41:04,548 | INFO | HTTP Request: HEAD https://huggingface.co/sentence-transformers/all-MiniLM-L6-v2/resolve/main/preprocessor_config.json "HTTP/1.1 404 Not Found"
2026-07-20 12:41:04,784 | INFO | HTTP Request: HEAD https://huggingface.co/sentence-transformers/all-MiniLM-L6-v2/resolve/main/tokenizer_config.json "HTTP/1.1 307 Temporary Redirect"
2026-07-20 12:41:04,800 | INFO | HTTP Request: HEAD https://huggingface.co/api/resolve-cache/models/sentence-transformers/all-MiniLM-L6-v2/1110a243fdf4706b3f48f1d95db1a4f5529b4d41/tokenizer_config.json "HTTP/1.1 200 OK"
2026-07-20 12:41:05,024 | INFO | HTTP Request: HEAD https://huggingface.co/sentence-transformers/all-MiniLM-L6-v2/resolve/main/config.json "HTTP/1.1 307 Temporary Redirect"
2026-07-20 12:41:05,034 | INFO | HTTP Request: HEAD https://huggingface.co/api/resolve-cache/models/sentence-transformers/all-MiniLM-L6-v2/1110a243fdf4706b3f48f1d95db1a4f5529b4d41/config.json "HTTP/1.1 200 OK"
2026-07-20 12:41:05,243 | INFO | HTTP Request: HEAD https://huggingface.co/sentence-transformers/all-MiniLM-L6-v2/resolve/main/config.json "HTTP/1.1 307 Temporary Redirect"
2026-07-20 12:41:05,253 | INFO | HTTP Request: HEAD https://huggingface.co/api/resolve-cache/models/sentence-transformers/all-MiniLM-L6-v2/1110a243fdf4706b3f48f1d95db1a4f5529b4d41/config.json "HTTP/1.1 200 OK"
2026-07-20 12:41:05,463 | INFO | HTTP Request: HEAD https://huggingface.co/sentence-transformers/all-MiniLM-L6-v2/resolve/main/tokenizer_config.json "HTTP/1.1 307 Temporary Redirect"
2026-07-20 12:41:05,473 | INFO | HTTP Request: HEAD https://huggingface.co/api/resolve-cache/models/sentence-transformers/all-MiniLM-L6-v2/1110a243fdf4706b3f48f1d95db1a4f5529b4d41/tokenizer_config.json "HTTP/1.1 200 OK"
2026-07-20 12:41:05,697 | INFO | HTTP Request: GET https://huggingface.co/api/models/sentence-transformers/all-MiniLM-L6-v2/tree/main/additional_chat_templates?recursive=false&expand=false "HTTP/1.1 404 Not Found"
2026-07-20 12:41:05,910 | INFO | HTTP Request: GET https://huggingface.co/api/models/sentence-transformers/all-MiniLM-L6-v2/tree/main?recursive=true&expand=false "HTTP/1.1 200 OK"
2026-07-20 12:41:06,372 | INFO | HTTP Request: HEAD https://huggingface.co/sentence-transformers/all-MiniLM-L6-v2/resolve/main/1_Pooling/config.json "HTTP/1.1 307 Temporary Redirect"
2026-07-20 12:41:06,380 | INFO | HTTP Request: HEAD https://huggingface.co/api/resolve-cache/models/sentence-transformers/all-MiniLM-L6-v2/1110a243fdf4706b3f48f1d95db1a4f5529b4d41/1_Pooling%2Fconfig.json "HTTP/1.1 200 OK"
2026-07-20 12:41:06,591 | INFO | HTTP Request: GET https://huggingface.co/api/models/sentence-transformers/all-MiniLM-L6-v2 "HTTP/1.1 200 OK"
2026-07-20 12:41:06,595 | INFO | Model Loaded : all-MiniLM-L6-v2
2026-07-20 12:43:25,249 | INFO | ============================================================
2026-07-20 12:43:25,249 | INFO | Embeddings Saved
2026-07-20 12:43:25,249 | INFO | ============================================================
2026-07-20 12:43:25,250 | INFO | Shape : (6805, 384)
2026-07-20 12:58:43,480 | INFO | ======================================================================
2026-07-20 12:58:43,521 | INFO | Loading Recommendation Engine
2026-07-20 12:58:43,521 | INFO | ======================================================================
2026-07-20 13:01:37,257 | INFO | ============================================================
2026-07-20 13:01:37,258 | INFO | Loading Dataset
2026-07-20 13:01:37,258 | INFO | ============================================================
2026-07-20 13:01:37,318 | INFO | Generating 6805 embeddings...
2026-07-20 13:01:37,318 | INFO | ============================================================
2026-07-20 13:01:37,318 | INFO | Loading Embedding Model
2026-07-20 13:01:37,318 | INFO | ============================================================
2026-07-20 13:01:37,319 | INFO | No device provided, using cpu
2026-07-20 13:01:37,605 | INFO | HTTP Request: HEAD https://huggingface.co/sentence-transformers/all-MiniLM-L6-v2/resolve/main/modules.json "HTTP/1.1 307 Temporary Redirect"
2026-07-20 13:01:37,606 | WARNING | Warning: You are sending unauthenticated requests to the HF Hub. Please set a HF_TOKEN to enable higher rate limits and faster downloads.
2026-07-20 13:01:37,617 | INFO | HTTP Request: HEAD https://huggingface.co/api/resolve-cache/models/sentence-transformers/all-MiniLM-L6-v2/1110a243fdf4706b3f48f1d95db1a4f5529b4d41/modules.json "HTTP/1.1 200 OK"
2026-07-20 13:01:37,853 | INFO | HTTP Request: HEAD https://huggingface.co/sentence-transformers/all-MiniLM-L6-v2/resolve/main/config_sentence_transformers.json "HTTP/1.1 307 Temporary Redirect"
2026-07-20 13:01:37,864 | INFO | HTTP Request: HEAD https://huggingface.co/api/resolve-cache/models/sentence-transformers/all-MiniLM-L6-v2/1110a243fdf4706b3f48f1d95db1a4f5529b4d41/config_sentence_transformers.json "HTTP/1.1 200 OK"
2026-07-20 13:01:37,866 | INFO | Loading SentenceTransformer model from sentence-transformers/all-MiniLM-L6-v2.
2026-07-20 13:01:38,086 | INFO | HTTP Request: HEAD https://huggingface.co/sentence-transformers/all-MiniLM-L6-v2/resolve/main/config_sentence_transformers.json "HTTP/1.1 307 Temporary Redirect"
2026-07-20 13:01:38,095 | INFO | HTTP Request: HEAD https://huggingface.co/api/resolve-cache/models/sentence-transformers/all-MiniLM-L6-v2/1110a243fdf4706b3f48f1d95db1a4f5529b4d41/config_sentence_transformers.json "HTTP/1.1 200 OK"
2026-07-20 13:01:38,304 | INFO | HTTP Request: HEAD https://huggingface.co/sentence-transformers/all-MiniLM-L6-v2/resolve/main/README.md "HTTP/1.1 307 Temporary Redirect"
2026-07-20 13:01:38,314 | INFO | HTTP Request: HEAD https://huggingface.co/api/resolve-cache/models/sentence-transformers/all-MiniLM-L6-v2/1110a243fdf4706b3f48f1d95db1a4f5529b4d41/README.md "HTTP/1.1 200 OK"
2026-07-20 13:01:38,523 | INFO | HTTP Request: HEAD https://huggingface.co/sentence-transformers/all-MiniLM-L6-v2/resolve/main/modules.json "HTTP/1.1 307 Temporary Redirect"
2026-07-20 13:01:38,533 | INFO | HTTP Request: HEAD https://huggingface.co/api/resolve-cache/models/sentence-transformers/all-MiniLM-L6-v2/1110a243fdf4706b3f48f1d95db1a4f5529b4d41/modules.json "HTTP/1.1 200 OK"
2026-07-20 13:01:38,759 | INFO | HTTP Request: HEAD https://huggingface.co/sentence-transformers/all-MiniLM-L6-v2/resolve/main/sentence_bert_config.json "HTTP/1.1 307 Temporary Redirect"
2026-07-20 13:01:38,770 | INFO | HTTP Request: HEAD https://huggingface.co/api/resolve-cache/models/sentence-transformers/all-MiniLM-L6-v2/1110a243fdf4706b3f48f1d95db1a4f5529b4d41/sentence_bert_config.json "HTTP/1.1 200 OK"
2026-07-20 13:01:38,983 | INFO | HTTP Request: HEAD https://huggingface.co/sentence-transformers/all-MiniLM-L6-v2/resolve/main/adapter_config.json "HTTP/1.1 404 Not Found"
2026-07-20 13:01:39,207 | INFO | HTTP Request: HEAD https://huggingface.co/sentence-transformers/all-MiniLM-L6-v2/resolve/main/config.json "HTTP/1.1 307 Temporary Redirect"
2026-07-20 13:01:39,215 | INFO | HTTP Request: HEAD https://huggingface.co/api/resolve-cache/models/sentence-transformers/all-MiniLM-L6-v2/1110a243fdf4706b3f48f1d95db1a4f5529b4d41/config.json "HTTP/1.1 200 OK"
2026-07-20 13:01:39,638 | INFO | HTTP Request: HEAD https://huggingface.co/sentence-transformers/all-MiniLM-L6-v2/resolve/main/processor_config.json "HTTP/1.1 404 Not Found"
2026-07-20 13:01:39,849 | INFO | HTTP Request: HEAD https://huggingface.co/sentence-transformers/all-MiniLM-L6-v2/resolve/main/preprocessor_config.json "HTTP/1.1 404 Not Found"
2026-07-20 13:01:40,071 | INFO | HTTP Request: HEAD https://huggingface.co/sentence-transformers/all-MiniLM-L6-v2/resolve/main/video_preprocessor_config.json "HTTP/1.1 404 Not Found"
2026-07-20 13:01:40,296 | INFO | HTTP Request: HEAD https://huggingface.co/sentence-transformers/all-MiniLM-L6-v2/resolve/main/preprocessor_config.json "HTTP/1.1 404 Not Found"
2026-07-20 13:01:40,511 | INFO | HTTP Request: HEAD https://huggingface.co/sentence-transformers/all-MiniLM-L6-v2/resolve/main/tokenizer_config.json "HTTP/1.1 307 Temporary Redirect"
2026-07-20 13:01:40,521 | INFO | HTTP Request: HEAD https://huggingface.co/api/resolve-cache/models/sentence-transformers/all-MiniLM-L6-v2/1110a243fdf4706b3f48f1d95db1a4f5529b4d41/tokenizer_config.json "HTTP/1.1 200 OK"
2026-07-20 13:01:40,745 | INFO | HTTP Request: HEAD https://huggingface.co/sentence-transformers/all-MiniLM-L6-v2/resolve/main/config.json "HTTP/1.1 307 Temporary Redirect"
2026-07-20 13:01:40,755 | INFO | HTTP Request: HEAD https://huggingface.co/api/resolve-cache/models/sentence-transformers/all-MiniLM-L6-v2/1110a243fdf4706b3f48f1d95db1a4f5529b4d41/config.json "HTTP/1.1 200 OK"
2026-07-20 13:01:40,977 | INFO | HTTP Request: HEAD https://huggingface.co/sentence-transformers/all-MiniLM-L6-v2/resolve/main/config.json "HTTP/1.1 307 Temporary Redirect"
2026-07-20 13:01:40,988 | INFO | HTTP Request: HEAD https://huggingface.co/api/resolve-cache/models/sentence-transformers/all-MiniLM-L6-v2/1110a243fdf4706b3f48f1d95db1a4f5529b4d41/config.json "HTTP/1.1 200 OK"
2026-07-20 13:01:41,200 | INFO | HTTP Request: HEAD https://huggingface.co/sentence-transformers/all-MiniLM-L6-v2/resolve/main/tokenizer_config.json "HTTP/1.1 307 Temporary Redirect"
2026-07-20 13:01:41,210 | INFO | HTTP Request: HEAD https://huggingface.co/api/resolve-cache/models/sentence-transformers/all-MiniLM-L6-v2/1110a243fdf4706b3f48f1d95db1a4f5529b4d41/tokenizer_config.json "HTTP/1.1 200 OK"
2026-07-20 13:01:41,424 | INFO | HTTP Request: GET https://huggingface.co/api/models/sentence-transformers/all-MiniLM-L6-v2/tree/main/additional_chat_templates?recursive=false&expand=false "HTTP/1.1 404 Not Found"
2026-07-20 13:01:41,663 | INFO | HTTP Request: GET https://huggingface.co/api/models/sentence-transformers/all-MiniLM-L6-v2/tree/main?recursive=true&expand=false "HTTP/1.1 200 OK"
2026-07-20 13:01:41,917 | INFO | HTTP Request: HEAD https://huggingface.co/sentence-transformers/all-MiniLM-L6-v2/resolve/main/1_Pooling/config.json "HTTP/1.1 307 Temporary Redirect"
2026-07-20 13:01:41,927 | INFO | HTTP Request: HEAD https://huggingface.co/api/resolve-cache/models/sentence-transformers/all-MiniLM-L6-v2/1110a243fdf4706b3f48f1d95db1a4f5529b4d41/1_Pooling%2Fconfig.json "HTTP/1.1 200 OK"
2026-07-20 13:01:42,155 | INFO | HTTP Request: GET https://huggingface.co/api/models/sentence-transformers/all-MiniLM-L6-v2 "HTTP/1.1 200 OK"
2026-07-20 13:01:42,158 | INFO | Model Loaded : all-MiniLM-L6-v2
2026-07-20 13:04:04,252 | INFO | ============================================================
2026-07-20 13:04:04,265 | INFO | Embeddings Saved
2026-07-20 13:04:04,265 | INFO | ============================================================
2026-07-20 13:04:04,265 | INFO | Embedding Shape : (6805, 384)
2026-07-20 13:04:04,266 | INFO | Index Shape : (6805, 1)
2026-07-20 13:04:54,266 | INFO | ======================================================================
2026-07-20 13:04:54,267 | INFO | Loading Recommendation Engine
2026-07-20 13:04:54,267 | INFO | ======================================================================
2026-07-20 13:04:54,390 | INFO | Dataset Loaded : 6805 internships
2026-07-20 13:04:54,390 | INFO | Embeddings Shape : (6805, 384)
2026-07-20 13:04:54,390 | INFO | ======================================================================
2026-07-20 13:04:54,391 | INFO | Generating Internship Recommendations
2026-07-20 13:04:54,391 | INFO | ======================================================================
2026-07-20 13:04:54,391 | INFO | ============================================================
2026-07-20 13:04:54,391 | INFO | Loading Embedding Model
2026-07-20 13:04:54,391 | INFO | ============================================================
2026-07-20 13:04:54,392 | INFO | No device provided, using cpu
2026-07-20 13:04:54,716 | INFO | HTTP Request: HEAD https://huggingface.co/sentence-transformers/all-MiniLM-L6-v2/resolve/main/modules.json "HTTP/1.1 307 Temporary Redirect"
2026-07-20 13:04:54,719 | WARNING | Warning: You are sending unauthenticated requests to the HF Hub. Please set a HF_TOKEN to enable higher rate limits and faster downloads.
2026-07-20 13:04:54,730 | INFO | HTTP Request: HEAD https://huggingface.co/api/resolve-cache/models/sentence-transformers/all-MiniLM-L6-v2/1110a243fdf4706b3f48f1d95db1a4f5529b4d41/modules.json "HTTP/1.1 200 OK"
2026-07-20 13:04:54,940 | INFO | HTTP Request: HEAD https://huggingface.co/sentence-transformers/all-MiniLM-L6-v2/resolve/main/config_sentence_transformers.json "HTTP/1.1 307 Temporary Redirect"
2026-07-20 13:04:54,949 | INFO | HTTP Request: HEAD https://huggingface.co/api/resolve-cache/models/sentence-transformers/all-MiniLM-L6-v2/1110a243fdf4706b3f48f1d95db1a4f5529b4d41/config_sentence_transformers.json "HTTP/1.1 200 OK"
2026-07-20 13:04:54,951 | INFO | Loading SentenceTransformer model from sentence-transformers/all-MiniLM-L6-v2.
2026-07-20 13:04:55,169 | INFO | HTTP Request: HEAD https://huggingface.co/sentence-transformers/all-MiniLM-L6-v2/resolve/main/config_sentence_transformers.json "HTTP/1.1 307 Temporary Redirect"
2026-07-20 13:04:55,183 | INFO | HTTP Request: HEAD https://huggingface.co/api/resolve-cache/models/sentence-transformers/all-MiniLM-L6-v2/1110a243fdf4706b3f48f1d95db1a4f5529b4d41/config_sentence_transformers.json "HTTP/1.1 200 OK"
2026-07-20 13:04:55,400 | INFO | HTTP Request: HEAD https://huggingface.co/sentence-transformers/all-MiniLM-L6-v2/resolve/main/README.md "HTTP/1.1 307 Temporary Redirect"
2026-07-20 13:04:55,411 | INFO | HTTP Request: HEAD https://huggingface.co/api/resolve-cache/models/sentence-transformers/all-MiniLM-L6-v2/1110a243fdf4706b3f48f1d95db1a4f5529b4d41/README.md "HTTP/1.1 200 OK"
2026-07-20 13:04:55,634 | INFO | HTTP Request: HEAD https://huggingface.co/sentence-transformers/all-MiniLM-L6-v2/resolve/main/modules.json "HTTP/1.1 307 Temporary Redirect"
2026-07-20 13:04:55,644 | INFO | HTTP Request: HEAD https://huggingface.co/api/resolve-cache/models/sentence-transformers/all-MiniLM-L6-v2/1110a243fdf4706b3f48f1d95db1a4f5529b4d41/modules.json "HTTP/1.1 200 OK"
2026-07-20 13:04:55,854 | INFO | HTTP Request: HEAD https://huggingface.co/sentence-transformers/all-MiniLM-L6-v2/resolve/main/sentence_bert_config.json "HTTP/1.1 307 Temporary Redirect"
2026-07-20 13:04:55,865 | INFO | HTTP Request: HEAD https://huggingface.co/api/resolve-cache/models/sentence-transformers/all-MiniLM-L6-v2/1110a243fdf4706b3f48f1d95db1a4f5529b4d41/sentence_bert_config.json "HTTP/1.1 200 OK"
2026-07-20 13:04:56,080 | INFO | HTTP Request: HEAD https://huggingface.co/sentence-transformers/all-MiniLM-L6-v2/resolve/main/adapter_config.json "HTTP/1.1 404 Not Found"
2026-07-20 13:04:56,301 | INFO | HTTP Request: HEAD https://huggingface.co/sentence-transformers/all-MiniLM-L6-v2/resolve/main/config.json "HTTP/1.1 307 Temporary Redirect"
2026-07-20 13:04:56,311 | INFO | HTTP Request: HEAD https://huggingface.co/api/resolve-cache/models/sentence-transformers/all-MiniLM-L6-v2/1110a243fdf4706b3f48f1d95db1a4f5529b4d41/config.json "HTTP/1.1 200 OK"
2026-07-20 13:04:56,723 | INFO | HTTP Request: HEAD https://huggingface.co/sentence-transformers/all-MiniLM-L6-v2/resolve/main/processor_config.json "HTTP/1.1 404 Not Found"
2026-07-20 13:04:56,952 | INFO | HTTP Request: HEAD https://huggingface.co/sentence-transformers/all-MiniLM-L6-v2/resolve/main/preprocessor_config.json "HTTP/1.1 404 Not Found"
2026-07-20 13:04:57,163 | INFO | HTTP Request: HEAD https://huggingface.co/sentence-transformers/all-MiniLM-L6-v2/resolve/main/video_preprocessor_config.json "HTTP/1.1 404 Not Found"
2026-07-20 13:04:57,370 | INFO | HTTP Request: HEAD https://huggingface.co/sentence-transformers/all-MiniLM-L6-v2/resolve/main/preprocessor_config.json "HTTP/1.1 404 Not Found"
2026-07-20 13:04:57,596 | INFO | HTTP Request: HEAD https://huggingface.co/sentence-transformers/all-MiniLM-L6-v2/resolve/main/tokenizer_config.json "HTTP/1.1 307 Temporary Redirect"
2026-07-20 13:04:57,608 | INFO | HTTP Request: HEAD https://huggingface.co/api/resolve-cache/models/sentence-transformers/all-MiniLM-L6-v2/1110a243fdf4706b3f48f1d95db1a4f5529b4d41/tokenizer_config.json "HTTP/1.1 200 OK"
2026-07-20 13:04:57,818 | INFO | HTTP Request: HEAD https://huggingface.co/sentence-transformers/all-MiniLM-L6-v2/resolve/main/config.json "HTTP/1.1 307 Temporary Redirect"
2026-07-20 13:04:57,830 | INFO | HTTP Request: HEAD https://huggingface.co/api/resolve-cache/models/sentence-transformers/all-MiniLM-L6-v2/1110a243fdf4706b3f48f1d95db1a4f5529b4d41/config.json "HTTP/1.1 200 OK"
2026-07-20 13:04:58,052 | INFO | HTTP Request: HEAD https://huggingface.co/sentence-transformers/all-MiniLM-L6-v2/resolve/main/config.json "HTTP/1.1 307 Temporary Redirect"
2026-07-20 13:04:58,062 | INFO | HTTP Request: HEAD https://huggingface.co/api/resolve-cache/models/sentence-transformers/all-MiniLM-L6-v2/1110a243fdf4706b3f48f1d95db1a4f5529b4d41/config.json "HTTP/1.1 200 OK"
2026-07-20 13:04:58,286 | INFO | HTTP Request: HEAD https://huggingface.co/sentence-transformers/all-MiniLM-L6-v2/resolve/main/tokenizer_config.json "HTTP/1.1 307 Temporary Redirect"
2026-07-20 13:04:58,296 | INFO | HTTP Request: HEAD https://huggingface.co/api/resolve-cache/models/sentence-transformers/all-MiniLM-L6-v2/1110a243fdf4706b3f48f1d95db1a4f5529b4d41/tokenizer_config.json "HTTP/1.1 200 OK"
2026-07-20 13:04:58,510 | INFO | HTTP Request: GET https://huggingface.co/api/models/sentence-transformers/all-MiniLM-L6-v2/tree/main/additional_chat_templates?recursive=false&expand=false "HTTP/1.1 404 Not Found"
2026-07-20 13:04:58,740 | INFO | HTTP Request: GET https://huggingface.co/api/models/sentence-transformers/all-MiniLM-L6-v2/tree/main?recursive=true&expand=false "HTTP/1.1 200 OK"
2026-07-20 13:04:59,020 | INFO | HTTP Request: HEAD https://huggingface.co/sentence-transformers/all-MiniLM-L6-v2/resolve/main/1_Pooling/config.json "HTTP/1.1 307 Temporary Redirect"
2026-07-20 13:04:59,030 | INFO | HTTP Request: HEAD https://huggingface.co/api/resolve-cache/models/sentence-transformers/all-MiniLM-L6-v2/1110a243fdf4706b3f48f1d95db1a4f5529b4d41/1_Pooling%2Fconfig.json "HTTP/1.1 200 OK"
2026-07-20 13:04:59,241 | INFO | HTTP Request: GET https://huggingface.co/api/models/sentence-transformers/all-MiniLM-L6-v2 "HTTP/1.1 200 OK"
2026-07-20 13:04:59,247 | INFO | Model Loaded : all-MiniLM-L6-v2
2026-07-20 13:04:59,351 | INFO | Domain Filter Applied : Artificial Intelligence
2026-07-20 13:04:59,414 | INFO | Top 10 Recommendations Generated
2026-07-20 15:14:03,548 | INFO | ============================================================
2026-07-20 15:14:03,584 | INFO | Loading Dataset
2026-07-20 15:14:03,584 | INFO | ============================================================
2026-07-20 15:14:03,872 | INFO | Records : 6805
2026-07-20 15:14:03,872 | INFO | ============================================================
2026-07-20 15:14:03,872 | INFO | Preparing Dataset
2026-07-20 15:14:03,872 | INFO | ============================================================
2026-07-20 15:14:04,221 | INFO | ============================================================
2026-07-20 15:14:04,222 | INFO | Training Models
2026-07-20 15:14:04,222 | INFO | ============================================================
2026-07-20 15:14:04,222 | INFO | Training Logistic Regression
2026-07-20 15:14:10,400 | INFO | Training Random Forest
2026-07-20 15:14:16,025 | INFO | Training XGBoost
2026-07-20 15:15:31,716 | INFO | ============================================================
2026-07-20 15:15:31,716 | INFO | Evaluating Models
2026-07-20 15:15:31,717 | INFO | ============================================================
2026-07-20 15:22:49,862 | INFO | ============================================================
2026-07-20 15:22:49,862 | INFO | Loading Dataset
2026-07-20 15:22:49,863 | INFO | ============================================================
2026-07-20 15:22:49,917 | INFO | Records : 6805
2026-07-20 15:22:49,917 | INFO | ============================================================
2026-07-20 15:22:49,918 | INFO | Preparing Dataset
2026-07-20 15:22:49,918 | INFO | ============================================================
2026-07-20 15:22:50,208 | INFO | ============================================================
2026-07-20 15:22:50,209 | INFO | Training Models
2026-07-20 15:22:50,209 | INFO | ============================================================
2026-07-20 15:22:50,209 | INFO | Training Logistic Regression
2026-07-20 15:22:55,564 | INFO | Training Random Forest
2026-07-20 15:23:01,198 | INFO | Training XGBoost
2026-07-20 15:24:17,210 | INFO | ============================================================
2026-07-20 15:24:17,211 | INFO | Evaluating Models
2026-07-20 15:24:17,211 | INFO | ============================================================
2026-07-20 15:24:17,850 | INFO | ============================================================
2026-07-20 15:24:17,851 | INFO | Saving Best Model
2026-07-20 15:24:17,851 | INFO | ============================================================
2026-07-20 15:24:18,035 | INFO | Best Model : XGBoost
2026-07-20 15:24:18,035 | INFO | ============================================================
2026-07-20 15:24:18,036 | INFO | Training Completed
2026-07-20 15:24:18,036 | INFO | ============================================================
2026-07-21 00:18:54,354 | INFO | ======================================================================
2026-07-21 00:18:54,386 | INFO | Loading Recommendation Engine
2026-07-21 00:18:54,386 | INFO | ======================================================================
2026-07-21 00:20:40,357 | INFO | ======================================================================
2026-07-21 00:20:40,357 | INFO | Loading Recommendation Engine
2026-07-21 00:20:40,357 | INFO | ======================================================================
2026-07-21 00:21:19,888 | INFO | ======================================================================
2026-07-21 00:21:19,889 | INFO | Loading Recommendation Engine
2026-07-21 00:21:19,889 | INFO | ======================================================================
2026-07-21 00:21:19,931 | INFO | Dataset Loaded : 6805 internships
2026-07-21 00:21:19,931 | INFO | Embeddings Shape : (6805, 384)
2026-07-21 00:21:19,932 | INFO | ======================================================================
2026-07-21 00:21:19,932 | INFO | Generating Internship Recommendations
2026-07-21 00:21:19,932 | INFO | ======================================================================
2026-07-21 00:21:19,932 | INFO | ============================================================
2026-07-21 00:21:19,932 | INFO | Loading Embedding Model
2026-07-21 00:21:19,932 | INFO | ============================================================
2026-07-21 00:21:19,933 | INFO | No device provided, using cpu
2026-07-21 00:21:20,227 | INFO | HTTP Request: HEAD https://huggingface.co/sentence-transformers/all-MiniLM-L6-v2/resolve/main/modules.json "HTTP/1.1 307 Temporary Redirect"
2026-07-21 00:21:20,228 | WARNING | Warning: You are sending unauthenticated requests to the HF Hub. Please set a HF_TOKEN to enable higher rate limits and faster downloads.
2026-07-21 00:21:20,235 | INFO | HTTP Request: HEAD https://huggingface.co/api/resolve-cache/models/sentence-transformers/all-MiniLM-L6-v2/1110a243fdf4706b3f48f1d95db1a4f5529b4d41/modules.json "HTTP/1.1 200 OK"
2026-07-21 00:21:20,448 | INFO | HTTP Request: HEAD https://huggingface.co/sentence-transformers/all-MiniLM-L6-v2/resolve/main/config_sentence_transformers.json "HTTP/1.1 307 Temporary Redirect"
2026-07-21 00:21:20,455 | INFO | HTTP Request: HEAD https://huggingface.co/api/resolve-cache/models/sentence-transformers/all-MiniLM-L6-v2/1110a243fdf4706b3f48f1d95db1a4f5529b4d41/config_sentence_transformers.json "HTTP/1.1 200 OK"
2026-07-21 00:21:20,457 | INFO | Loading SentenceTransformer model from sentence-transformers/all-MiniLM-L6-v2.
2026-07-21 00:21:20,659 | INFO | HTTP Request: HEAD https://huggingface.co/sentence-transformers/all-MiniLM-L6-v2/resolve/main/config_sentence_transformers.json "HTTP/1.1 307 Temporary Redirect"
2026-07-21 00:21:20,669 | INFO | HTTP Request: HEAD https://huggingface.co/api/resolve-cache/models/sentence-transformers/all-MiniLM-L6-v2/1110a243fdf4706b3f48f1d95db1a4f5529b4d41/config_sentence_transformers.json "HTTP/1.1 200 OK"
2026-07-21 00:21:20,871 | INFO | HTTP Request: HEAD https://huggingface.co/sentence-transformers/all-MiniLM-L6-v2/resolve/main/README.md "HTTP/1.1 307 Temporary Redirect"
2026-07-21 00:21:20,879 | INFO | HTTP Request: HEAD https://huggingface.co/api/resolve-cache/models/sentence-transformers/all-MiniLM-L6-v2/1110a243fdf4706b3f48f1d95db1a4f5529b4d41/README.md "HTTP/1.1 200 OK"
2026-07-21 00:21:21,085 | INFO | HTTP Request: HEAD https://huggingface.co/sentence-transformers/all-MiniLM-L6-v2/resolve/main/modules.json "HTTP/1.1 307 Temporary Redirect"
2026-07-21 00:21:21,092 | INFO | HTTP Request: HEAD https://huggingface.co/api/resolve-cache/models/sentence-transformers/all-MiniLM-L6-v2/1110a243fdf4706b3f48f1d95db1a4f5529b4d41/modules.json "HTTP/1.1 200 OK"
2026-07-21 00:21:21,301 | INFO | HTTP Request: HEAD https://huggingface.co/sentence-transformers/all-MiniLM-L6-v2/resolve/main/sentence_bert_config.json "HTTP/1.1 307 Temporary Redirect"
2026-07-21 00:21:21,309 | INFO | HTTP Request: HEAD https://huggingface.co/api/resolve-cache/models/sentence-transformers/all-MiniLM-L6-v2/1110a243fdf4706b3f48f1d95db1a4f5529b4d41/sentence_bert_config.json "HTTP/1.1 200 OK"
2026-07-21 00:21:21,515 | INFO | HTTP Request: HEAD https://huggingface.co/sentence-transformers/all-MiniLM-L6-v2/resolve/main/adapter_config.json "HTTP/1.1 404 Not Found"
2026-07-21 00:21:21,721 | INFO | HTTP Request: HEAD https://huggingface.co/sentence-transformers/all-MiniLM-L6-v2/resolve/main/config.json "HTTP/1.1 307 Temporary Redirect"
2026-07-21 00:21:21,729 | INFO | HTTP Request: HEAD https://huggingface.co/api/resolve-cache/models/sentence-transformers/all-MiniLM-L6-v2/1110a243fdf4706b3f48f1d95db1a4f5529b4d41/config.json "HTTP/1.1 200 OK"
2026-07-21 00:21:24,047 | INFO | HTTP Request: HEAD https://huggingface.co/sentence-transformers/all-MiniLM-L6-v2/resolve/main/processor_config.json "HTTP/1.1 404 Not Found"
2026-07-21 00:21:24,252 | INFO | HTTP Request: HEAD https://huggingface.co/sentence-transformers/all-MiniLM-L6-v2/resolve/main/preprocessor_config.json "HTTP/1.1 404 Not Found"
2026-07-21 00:21:24,462 | INFO | HTTP Request: HEAD https://huggingface.co/sentence-transformers/all-MiniLM-L6-v2/resolve/main/video_preprocessor_config.json "HTTP/1.1 404 Not Found"
2026-07-21 00:21:24,670 | INFO | HTTP Request: HEAD https://huggingface.co/sentence-transformers/all-MiniLM-L6-v2/resolve/main/preprocessor_config.json "HTTP/1.1 404 Not Found"
2026-07-21 00:21:24,881 | INFO | HTTP Request: HEAD https://huggingface.co/sentence-transformers/all-MiniLM-L6-v2/resolve/main/tokenizer_config.json "HTTP/1.1 307 Temporary Redirect"
2026-07-21 00:21:24,888 | INFO | HTTP Request: HEAD https://huggingface.co/api/resolve-cache/models/sentence-transformers/all-MiniLM-L6-v2/1110a243fdf4706b3f48f1d95db1a4f5529b4d41/tokenizer_config.json "HTTP/1.1 200 OK"
2026-07-21 00:21:25,094 | INFO | HTTP Request: HEAD https://huggingface.co/sentence-transformers/all-MiniLM-L6-v2/resolve/main/config.json "HTTP/1.1 307 Temporary Redirect"
2026-07-21 00:21:25,102 | INFO | HTTP Request: HEAD https://huggingface.co/api/resolve-cache/models/sentence-transformers/all-MiniLM-L6-v2/1110a243fdf4706b3f48f1d95db1a4f5529b4d41/config.json "HTTP/1.1 200 OK"
2026-07-21 00:21:25,308 | INFO | HTTP Request: HEAD https://huggingface.co/sentence-transformers/all-MiniLM-L6-v2/resolve/main/config.json "HTTP/1.1 307 Temporary Redirect"
2026-07-21 00:21:25,316 | INFO | HTTP Request: HEAD https://huggingface.co/api/resolve-cache/models/sentence-transformers/all-MiniLM-L6-v2/1110a243fdf4706b3f48f1d95db1a4f5529b4d41/config.json "HTTP/1.1 200 OK"
2026-07-21 00:21:25,523 | INFO | HTTP Request: HEAD https://huggingface.co/sentence-transformers/all-MiniLM-L6-v2/resolve/main/tokenizer_config.json "HTTP/1.1 307 Temporary Redirect"
2026-07-21 00:21:25,531 | INFO | HTTP Request: HEAD https://huggingface.co/api/resolve-cache/models/sentence-transformers/all-MiniLM-L6-v2/1110a243fdf4706b3f48f1d95db1a4f5529b4d41/tokenizer_config.json "HTTP/1.1 200 OK"
2026-07-21 00:21:25,740 | INFO | HTTP Request: GET https://huggingface.co/api/models/sentence-transformers/all-MiniLM-L6-v2/tree/main/additional_chat_templates?recursive=false&expand=false "HTTP/1.1 404 Not Found"
2026-07-21 00:21:25,949 | INFO | HTTP Request: GET https://huggingface.co/api/models/sentence-transformers/all-MiniLM-L6-v2/tree/main?recursive=true&expand=false "HTTP/1.1 200 OK"
2026-07-21 00:21:26,325 | INFO | HTTP Request: HEAD https://huggingface.co/sentence-transformers/all-MiniLM-L6-v2/resolve/main/1_Pooling/config.json "HTTP/1.1 307 Temporary Redirect"
2026-07-21 00:21:26,332 | INFO | HTTP Request: HEAD https://huggingface.co/api/resolve-cache/models/sentence-transformers/all-MiniLM-L6-v2/1110a243fdf4706b3f48f1d95db1a4f5529b4d41/1_Pooling%2Fconfig.json "HTTP/1.1 200 OK"
2026-07-21 00:21:26,551 | INFO | HTTP Request: GET https://huggingface.co/api/models/sentence-transformers/all-MiniLM-L6-v2 "HTTP/1.1 200 OK"
2026-07-21 00:21:26,555 | INFO | Model Loaded : all-MiniLM-L6-v2
2026-07-21 00:21:29,856 | INFO | Domain Filter Applied : Backend Development
2026-07-21 00:29:00,110 | INFO | ======================================================================
2026-07-21 00:29:00,110 | INFO | Loading Recommendation Engine
2026-07-21 00:29:00,110 | INFO | ======================================================================
2026-07-21 00:29:00,153 | INFO | Dataset Loaded : 6805 internships
2026-07-21 00:29:00,153 | INFO | Embeddings Shape : (6805, 384)
2026-07-21 00:29:00,153 | INFO | ======================================================================
2026-07-21 00:29:00,153 | INFO | Generating Internship Recommendations
2026-07-21 00:29:00,154 | INFO | ======================================================================
2026-07-21 00:29:00,154 | INFO | ============================================================
2026-07-21 00:29:00,154 | INFO | Loading Embedding Model
2026-07-21 00:29:00,154 | INFO | ============================================================
2026-07-21 00:29:00,155 | INFO | No device provided, using cpu
2026-07-21 00:29:00,407 | INFO | HTTP Request: HEAD https://huggingface.co/sentence-transformers/all-MiniLM-L6-v2/resolve/main/modules.json "HTTP/1.1 307 Temporary Redirect"
2026-07-21 00:29:00,415 | INFO | HTTP Request: HEAD https://huggingface.co/api/resolve-cache/models/sentence-transformers/all-MiniLM-L6-v2/1110a243fdf4706b3f48f1d95db1a4f5529b4d41/modules.json "HTTP/1.1 200 OK"
2026-07-21 00:29:00,619 | INFO | HTTP Request: HEAD https://huggingface.co/sentence-transformers/all-MiniLM-L6-v2/resolve/main/config_sentence_transformers.json "HTTP/1.1 307 Temporary Redirect"
2026-07-21 00:29:00,619 | WARNING | Warning: You are sending unauthenticated requests to the HF Hub. Please set a HF_TOKEN to enable higher rate limits and faster downloads.
2026-07-21 00:29:00,626 | INFO | HTTP Request: HEAD https://huggingface.co/api/resolve-cache/models/sentence-transformers/all-MiniLM-L6-v2/1110a243fdf4706b3f48f1d95db1a4f5529b4d41/config_sentence_transformers.json "HTTP/1.1 200 OK"
2026-07-21 00:29:00,627 | INFO | Loading SentenceTransformer model from sentence-transformers/all-MiniLM-L6-v2.
2026-07-21 00:29:00,830 | INFO | HTTP Request: HEAD https://huggingface.co/sentence-transformers/all-MiniLM-L6-v2/resolve/main/config_sentence_transformers.json "HTTP/1.1 307 Temporary Redirect"
2026-07-21 00:29:00,838 | INFO | HTTP Request: HEAD https://huggingface.co/api/resolve-cache/models/sentence-transformers/all-MiniLM-L6-v2/1110a243fdf4706b3f48f1d95db1a4f5529b4d41/config_sentence_transformers.json "HTTP/1.1 200 OK"
2026-07-21 00:29:01,040 | INFO | HTTP Request: HEAD https://huggingface.co/sentence-transformers/all-MiniLM-L6-v2/resolve/main/README.md "HTTP/1.1 307 Temporary Redirect"
2026-07-21 00:29:01,048 | INFO | HTTP Request: HEAD https://huggingface.co/api/resolve-cache/models/sentence-transformers/all-MiniLM-L6-v2/1110a243fdf4706b3f48f1d95db1a4f5529b4d41/README.md "HTTP/1.1 200 OK"
2026-07-21 00:29:01,254 | INFO | HTTP Request: HEAD https://huggingface.co/sentence-transformers/all-MiniLM-L6-v2/resolve/main/modules.json "HTTP/1.1 307 Temporary Redirect"
2026-07-21 00:29:01,263 | INFO | HTTP Request: HEAD https://huggingface.co/api/resolve-cache/models/sentence-transformers/all-MiniLM-L6-v2/1110a243fdf4706b3f48f1d95db1a4f5529b4d41/modules.json "HTTP/1.1 200 OK"
2026-07-21 00:29:01,467 | INFO | HTTP Request: HEAD https://huggingface.co/sentence-transformers/all-MiniLM-L6-v2/resolve/main/sentence_bert_config.json "HTTP/1.1 307 Temporary Redirect"
2026-07-21 00:29:01,475 | INFO | HTTP Request: HEAD https://huggingface.co/api/resolve-cache/models/sentence-transformers/all-MiniLM-L6-v2/1110a243fdf4706b3f48f1d95db1a4f5529b4d41/sentence_bert_config.json "HTTP/1.1 200 OK"
2026-07-21 00:29:01,679 | INFO | HTTP Request: HEAD https://huggingface.co/sentence-transformers/all-MiniLM-L6-v2/resolve/main/adapter_config.json "HTTP/1.1 404 Not Found"
2026-07-21 00:29:01,886 | INFO | HTTP Request: HEAD https://huggingface.co/sentence-transformers/all-MiniLM-L6-v2/resolve/main/config.json "HTTP/1.1 307 Temporary Redirect"
2026-07-21 00:29:01,894 | INFO | HTTP Request: HEAD https://huggingface.co/api/resolve-cache/models/sentence-transformers/all-MiniLM-L6-v2/1110a243fdf4706b3f48f1d95db1a4f5529b4d41/config.json "HTTP/1.1 200 OK"
2026-07-21 00:29:02,248 | INFO | HTTP Request: HEAD https://huggingface.co/sentence-transformers/all-MiniLM-L6-v2/resolve/main/processor_config.json "HTTP/1.1 404 Not Found"
2026-07-21 00:29:02,452 | INFO | HTTP Request: HEAD https://huggingface.co/sentence-transformers/all-MiniLM-L6-v2/resolve/main/preprocessor_config.json "HTTP/1.1 404 Not Found"
2026-07-21 00:29:02,659 | INFO | HTTP Request: HEAD https://huggingface.co/sentence-transformers/all-MiniLM-L6-v2/resolve/main/video_preprocessor_config.json "HTTP/1.1 404 Not Found"
2026-07-21 00:29:02,864 | INFO | HTTP Request: HEAD https://huggingface.co/sentence-transformers/all-MiniLM-L6-v2/resolve/main/preprocessor_config.json "HTTP/1.1 404 Not Found"
2026-07-21 00:29:03,068 | INFO | HTTP Request: HEAD https://huggingface.co/sentence-transformers/all-MiniLM-L6-v2/resolve/main/tokenizer_config.json "HTTP/1.1 307 Temporary Redirect"
2026-07-21 00:29:03,075 | INFO | HTTP Request: HEAD https://huggingface.co/api/resolve-cache/models/sentence-transformers/all-MiniLM-L6-v2/1110a243fdf4706b3f48f1d95db1a4f5529b4d41/tokenizer_config.json "HTTP/1.1 200 OK"
2026-07-21 00:29:03,279 | INFO | HTTP Request: HEAD https://huggingface.co/sentence-transformers/all-MiniLM-L6-v2/resolve/main/config.json "HTTP/1.1 307 Temporary Redirect"
2026-07-21 00:29:03,287 | INFO | HTTP Request: HEAD https://huggingface.co/api/resolve-cache/models/sentence-transformers/all-MiniLM-L6-v2/1110a243fdf4706b3f48f1d95db1a4f5529b4d41/config.json "HTTP/1.1 200 OK"
2026-07-21 00:29:03,493 | INFO | HTTP Request: HEAD https://huggingface.co/sentence-transformers/all-MiniLM-L6-v2/resolve/main/config.json "HTTP/1.1 307 Temporary Redirect"
2026-07-21 00:29:03,501 | INFO | HTTP Request: HEAD https://huggingface.co/api/resolve-cache/models/sentence-transformers/all-MiniLM-L6-v2/1110a243fdf4706b3f48f1d95db1a4f5529b4d41/config.json "HTTP/1.1 200 OK"
2026-07-21 00:29:03,705 | INFO | HTTP Request: HEAD https://huggingface.co/sentence-transformers/all-MiniLM-L6-v2/resolve/main/tokenizer_config.json "HTTP/1.1 307 Temporary Redirect"
2026-07-21 00:29:03,713 | INFO | HTTP Request: HEAD https://huggingface.co/api/resolve-cache/models/sentence-transformers/all-MiniLM-L6-v2/1110a243fdf4706b3f48f1d95db1a4f5529b4d41/tokenizer_config.json "HTTP/1.1 200 OK"
2026-07-21 00:29:03,923 | INFO | HTTP Request: GET https://huggingface.co/api/models/sentence-transformers/all-MiniLM-L6-v2/tree/main/additional_chat_templates?recursive=false&expand=false "HTTP/1.1 404 Not Found"
2026-07-21 00:29:04,133 | INFO | HTTP Request: GET https://huggingface.co/api/models/sentence-transformers/all-MiniLM-L6-v2/tree/main?recursive=true&expand=false "HTTP/1.1 200 OK"
2026-07-21 00:29:04,368 | INFO | HTTP Request: HEAD https://huggingface.co/sentence-transformers/all-MiniLM-L6-v2/resolve/main/1_Pooling/config.json "HTTP/1.1 307 Temporary Redirect"
2026-07-21 00:29:04,375 | INFO | HTTP Request: HEAD https://huggingface.co/api/resolve-cache/models/sentence-transformers/all-MiniLM-L6-v2/1110a243fdf4706b3f48f1d95db1a4f5529b4d41/1_Pooling%2Fconfig.json "HTTP/1.1 200 OK"
2026-07-21 00:29:04,581 | INFO | HTTP Request: GET https://huggingface.co/api/models/sentence-transformers/all-MiniLM-L6-v2 "HTTP/1.1 200 OK"
2026-07-21 00:29:04,583 | INFO | Model Loaded : all-MiniLM-L6-v2
2026-07-21 00:29:04,651 | INFO | Domain Filter Applied : Backend Development
2026-07-21 00:29:04,666 | INFO | Top 10 Recommendations Generated
2026-07-21 00:34:32,111 | INFO | ======================================================================
2026-07-21 00:34:32,112 | INFO | Loading Recommendation Engine
2026-07-21 00:34:32,112 | INFO | ======================================================================
2026-07-21 00:35:05,857 | INFO | ======================================================================
2026-07-21 00:35:05,857 | INFO | Loading Recommendation Engine
2026-07-21 00:35:05,857 | INFO | ======================================================================
2026-07-21 00:35:15,910 | INFO | ======================================================================
2026-07-21 00:35:15,910 | INFO | Loading Recommendation Engine
2026-07-21 00:35:15,910 | INFO | ======================================================================
2026-07-21 00:35:25,323 | INFO | ======================================================================
2026-07-21 00:35:25,324 | INFO | Loading Recommendation Engine
2026-07-21 00:35:25,324 | INFO | ======================================================================
2026-07-21 00:35:25,367 | INFO | Dataset Loaded : 6805 internships
2026-07-21 00:35:25,367 | INFO | Embeddings Shape : (6805, 384)
2026-07-21 00:35:52,876 | INFO | ======================================================================
2026-07-21 00:35:52,876 | INFO | Loading Recommendation Engine
2026-07-21 00:35:52,876 | INFO | ======================================================================
2026-07-21 00:35:52,919 | INFO | Dataset Loaded : 6805 internships
2026-07-21 00:35:52,919 | INFO | Embeddings Shape : (6805, 384)
2026-07-21 00:41:34,076 | INFO | ======================================================================
2026-07-21 00:41:34,077 | INFO | Generating Internship Recommendations
2026-07-21 00:41:34,077 | INFO | ======================================================================
2026-07-21 00:41:34,077 | INFO | ============================================================
2026-07-21 00:41:34,077 | INFO | Loading Embedding Model
2026-07-21 00:41:34,078 | INFO | ============================================================
2026-07-21 00:41:34,079 | INFO | No device provided, using cpu
2026-07-21 00:41:34,323 | INFO | HTTP Request: HEAD https://huggingface.co/sentence-transformers/all-MiniLM-L6-v2/resolve/main/modules.json "HTTP/1.1 307 Temporary Redirect"
2026-07-21 00:41:34,333 | INFO | HTTP Request: HEAD https://huggingface.co/api/resolve-cache/models/sentence-transformers/all-MiniLM-L6-v2/1110a243fdf4706b3f48f1d95db1a4f5529b4d41/modules.json "HTTP/1.1 200 OK"
2026-07-21 00:41:34,539 | INFO | HTTP Request: HEAD https://huggingface.co/sentence-transformers/all-MiniLM-L6-v2/resolve/main/config_sentence_transformers.json "HTTP/1.1 307 Temporary Redirect"
2026-07-21 00:41:34,540 | WARNING | Warning: You are sending unauthenticated requests to the HF Hub. Please set a HF_TOKEN to enable higher rate limits and faster downloads.
2026-07-21 00:41:34,548 | INFO | HTTP Request: HEAD https://huggingface.co/api/resolve-cache/models/sentence-transformers/all-MiniLM-L6-v2/1110a243fdf4706b3f48f1d95db1a4f5529b4d41/config_sentence_transformers.json "HTTP/1.1 200 OK"
2026-07-21 00:41:34,549 | INFO | Loading SentenceTransformer model from sentence-transformers/all-MiniLM-L6-v2.
2026-07-21 00:41:34,754 | INFO | HTTP Request: HEAD https://huggingface.co/sentence-transformers/all-MiniLM-L6-v2/resolve/main/config_sentence_transformers.json "HTTP/1.1 307 Temporary Redirect"
2026-07-21 00:41:34,764 | INFO | HTTP Request: HEAD https://huggingface.co/api/resolve-cache/models/sentence-transformers/all-MiniLM-L6-v2/1110a243fdf4706b3f48f1d95db1a4f5529b4d41/config_sentence_transformers.json "HTTP/1.1 200 OK"
2026-07-21 00:41:34,969 | INFO | HTTP Request: HEAD https://huggingface.co/sentence-transformers/all-MiniLM-L6-v2/resolve/main/README.md "HTTP/1.1 307 Temporary Redirect"
2026-07-21 00:41:34,978 | INFO | HTTP Request: HEAD https://huggingface.co/api/resolve-cache/models/sentence-transformers/all-MiniLM-L6-v2/1110a243fdf4706b3f48f1d95db1a4f5529b4d41/README.md "HTTP/1.1 200 OK"
2026-07-21 00:41:35,187 | INFO | HTTP Request: HEAD https://huggingface.co/sentence-transformers/all-MiniLM-L6-v2/resolve/main/modules.json "HTTP/1.1 307 Temporary Redirect"
2026-07-21 00:41:35,196 | INFO | HTTP Request: HEAD https://huggingface.co/api/resolve-cache/models/sentence-transformers/all-MiniLM-L6-v2/1110a243fdf4706b3f48f1d95db1a4f5529b4d41/modules.json "HTTP/1.1 200 OK"
2026-07-21 00:41:35,403 | INFO | HTTP Request: HEAD https://huggingface.co/sentence-transformers/all-MiniLM-L6-v2/resolve/main/sentence_bert_config.json "HTTP/1.1 307 Temporary Redirect"
2026-07-21 00:41:35,412 | INFO | HTTP Request: HEAD https://huggingface.co/api/resolve-cache/models/sentence-transformers/all-MiniLM-L6-v2/1110a243fdf4706b3f48f1d95db1a4f5529b4d41/sentence_bert_config.json "HTTP/1.1 200 OK"
2026-07-21 00:41:35,620 | INFO | HTTP Request: HEAD https://huggingface.co/sentence-transformers/all-MiniLM-L6-v2/resolve/main/adapter_config.json "HTTP/1.1 404 Not Found"
2026-07-21 00:41:35,825 | INFO | HTTP Request: HEAD https://huggingface.co/sentence-transformers/all-MiniLM-L6-v2/resolve/main/config.json "HTTP/1.1 307 Temporary Redirect"
2026-07-21 00:41:35,834 | INFO | HTTP Request: HEAD https://huggingface.co/api/resolve-cache/models/sentence-transformers/all-MiniLM-L6-v2/1110a243fdf4706b3f48f1d95db1a4f5529b4d41/config.json "HTTP/1.1 200 OK"
2026-07-21 00:41:36,215 | INFO | HTTP Request: HEAD https://huggingface.co/sentence-transformers/all-MiniLM-L6-v2/resolve/main/processor_config.json "HTTP/1.1 404 Not Found"
2026-07-21 00:41:36,430 | INFO | HTTP Request: HEAD https://huggingface.co/sentence-transformers/all-MiniLM-L6-v2/resolve/main/preprocessor_config.json "HTTP/1.1 404 Not Found"
2026-07-21 00:41:36,638 | INFO | HTTP Request: HEAD https://huggingface.co/sentence-transformers/all-MiniLM-L6-v2/resolve/main/video_preprocessor_config.json "HTTP/1.1 404 Not Found"
2026-07-21 00:41:36,856 | INFO | HTTP Request: HEAD https://huggingface.co/sentence-transformers/all-MiniLM-L6-v2/resolve/main/preprocessor_config.json "HTTP/1.1 404 Not Found"
2026-07-21 00:41:37,064 | INFO | HTTP Request: HEAD https://huggingface.co/sentence-transformers/all-MiniLM-L6-v2/resolve/main/tokenizer_config.json "HTTP/1.1 307 Temporary Redirect"
2026-07-21 00:41:37,072 | INFO | HTTP Request: HEAD https://huggingface.co/api/resolve-cache/models/sentence-transformers/all-MiniLM-L6-v2/1110a243fdf4706b3f48f1d95db1a4f5529b4d41/tokenizer_config.json "HTTP/1.1 200 OK"
2026-07-21 00:41:37,279 | INFO | HTTP Request: HEAD https://huggingface.co/sentence-transformers/all-MiniLM-L6-v2/resolve/main/config.json "HTTP/1.1 307 Temporary Redirect"
2026-07-21 00:41:37,289 | INFO | HTTP Request: HEAD https://huggingface.co/api/resolve-cache/models/sentence-transformers/all-MiniLM-L6-v2/1110a243fdf4706b3f48f1d95db1a4f5529b4d41/config.json "HTTP/1.1 200 OK"
2026-07-21 00:41:37,499 | INFO | HTTP Request: HEAD https://huggingface.co/sentence-transformers/all-MiniLM-L6-v2/resolve/main/config.json "HTTP/1.1 307 Temporary Redirect"
2026-07-21 00:41:37,508 | INFO | HTTP Request: HEAD https://huggingface.co/api/resolve-cache/models/sentence-transformers/all-MiniLM-L6-v2/1110a243fdf4706b3f48f1d95db1a4f5529b4d41/config.json "HTTP/1.1 200 OK"
2026-07-21 00:41:37,717 | INFO | HTTP Request: HEAD https://huggingface.co/sentence-transformers/all-MiniLM-L6-v2/resolve/main/tokenizer_config.json "HTTP/1.1 307 Temporary Redirect"
2026-07-21 00:41:37,726 | INFO | HTTP Request: HEAD https://huggingface.co/api/resolve-cache/models/sentence-transformers/all-MiniLM-L6-v2/1110a243fdf4706b3f48f1d95db1a4f5529b4d41/tokenizer_config.json "HTTP/1.1 200 OK"
2026-07-21 00:41:37,937 | INFO | HTTP Request: GET https://huggingface.co/api/models/sentence-transformers/all-MiniLM-L6-v2/tree/main/additional_chat_templates?recursive=false&expand=false "HTTP/1.1 404 Not Found"
2026-07-21 00:41:38,160 | INFO | HTTP Request: GET https://huggingface.co/api/models/sentence-transformers/all-MiniLM-L6-v2/tree/main?recursive=true&expand=false "HTTP/1.1 200 OK"
2026-07-21 00:41:38,418 | INFO | HTTP Request: HEAD https://huggingface.co/sentence-transformers/all-MiniLM-L6-v2/resolve/main/1_Pooling/config.json "HTTP/1.1 307 Temporary Redirect"
2026-07-21 00:41:38,427 | INFO | HTTP Request: HEAD https://huggingface.co/api/resolve-cache/models/sentence-transformers/all-MiniLM-L6-v2/1110a243fdf4706b3f48f1d95db1a4f5529b4d41/1_Pooling%2Fconfig.json "HTTP/1.1 200 OK"
2026-07-21 00:41:38,637 | INFO | HTTP Request: GET https://huggingface.co/api/models/sentence-transformers/all-MiniLM-L6-v2 "HTTP/1.1 200 OK"
2026-07-21 00:41:38,641 | INFO | Model Loaded : all-MiniLM-L6-v2
2026-07-21 00:41:38,913 | INFO | Domain Filter Applied : Artificial Intelligence
2026-07-21 00:41:38,932 | INFO | Top 10 Recommendations Generated
2026-07-21 00:45:19,987 | INFO | ======================================================================
2026-07-21 00:45:19,987 | INFO | Loading Recommendation Engine
2026-07-21 00:45:19,988 | INFO | ======================================================================
2026-07-21 00:45:20,037 | INFO | Dataset Loaded : 6805 internships
2026-07-21 00:45:20,037 | INFO | Embeddings Shape : (6805, 384)
2026-07-21 00:59:36,684 | INFO | ============================================================
2026-07-21 00:59:36,684 | INFO | Loading Dataset
2026-07-21 00:59:36,684 | INFO | ============================================================
2026-07-21 00:59:36,738 | INFO | Records : 6805
2026-07-21 00:59:36,738 | INFO | ============================================================
2026-07-21 00:59:36,738 | INFO | Preparing Dataset
2026-07-21 00:59:36,738 | INFO | ============================================================
2026-07-21 00:59:37,027 | INFO | ============================================================
2026-07-21 00:59:37,027 | INFO | Training Models
2026-07-21 00:59:37,028 | INFO | ============================================================
2026-07-21 00:59:37,028 | INFO | Training Logistic Regression
2026-07-21 00:59:42,220 | INFO | Training Random Forest
2026-07-21 00:59:48,066 | INFO | Training XGBoost
2026-07-21 01:01:08,244 | INFO | ============================================================
2026-07-21 01:01:08,244 | INFO | Evaluating Models
2026-07-21 01:01:08,244 | INFO | ============================================================
2026-07-21 08:20:01,314 | INFO | ======================================================================
2026-07-21 08:20:01,352 | INFO | Loading Recommendation Engine
2026-07-21 08:20:01,352 | INFO | ======================================================================
2026-07-21 08:20:02,142 | INFO | Dataset Loaded : 6805 internships
2026-07-21 08:20:02,142 | INFO | Embeddings Shape : (6805, 384)
2026-07-21 08:20:30,412 | INFO | ======================================================================
2026-07-21 08:20:30,412 | INFO | Generating Internship Recommendations
2026-07-21 08:20:30,412 | INFO | ======================================================================
2026-07-21 08:20:30,413 | INFO | ============================================================
2026-07-21 08:20:30,413 | INFO | Loading Embedding Model
2026-07-21 08:20:30,413 | INFO | ============================================================
2026-07-21 08:20:30,415 | INFO | No device provided, using cpu
2026-07-21 08:20:30,769 | INFO | HTTP Request: GET https://huggingface.co/api/agent-harnesses "HTTP/1.1 200 OK"
2026-07-21 08:20:31,031 | INFO | HTTP Request: HEAD https://huggingface.co/sentence-transformers/all-MiniLM-L6-v2/resolve/main/modules.json "HTTP/1.1 307 Temporary Redirect"
2026-07-21 08:20:31,042 | INFO | HTTP Request: HEAD https://huggingface.co/api/resolve-cache/models/sentence-transformers/all-MiniLM-L6-v2/1110a243fdf4706b3f48f1d95db1a4f5529b4d41/modules.json "HTTP/1.1 200 OK"
2026-07-21 08:20:31,056 | INFO | HTTP Request: GET https://huggingface.co/api/resolve-cache/models/sentence-transformers/all-MiniLM-L6-v2/1110a243fdf4706b3f48f1d95db1a4f5529b4d41/modules.json "HTTP/1.1 200 OK"
2026-07-21 08:20:31,292 | INFO | HTTP Request: HEAD https://huggingface.co/sentence-transformers/all-MiniLM-L6-v2/resolve/main/config_sentence_transformers.json "HTTP/1.1 307 Temporary Redirect"
2026-07-21 08:20:31,293 | WARNING | Warning: You are sending unauthenticated requests to the HF Hub. Please set a HF_TOKEN to enable higher rate limits and faster downloads.
2026-07-21 08:20:31,305 | INFO | HTTP Request: HEAD https://huggingface.co/api/resolve-cache/models/sentence-transformers/all-MiniLM-L6-v2/1110a243fdf4706b3f48f1d95db1a4f5529b4d41/config_sentence_transformers.json "HTTP/1.1 200 OK"
2026-07-21 08:20:31,315 | INFO | HTTP Request: GET https://huggingface.co/api/resolve-cache/models/sentence-transformers/all-MiniLM-L6-v2/1110a243fdf4706b3f48f1d95db1a4f5529b4d41/config_sentence_transformers.json "HTTP/1.1 200 OK"
2026-07-21 08:20:31,317 | INFO | Loading SentenceTransformer model from sentence-transformers/all-MiniLM-L6-v2.
2026-07-21 08:20:31,546 | INFO | HTTP Request: HEAD https://huggingface.co/sentence-transformers/all-MiniLM-L6-v2/resolve/main/config_sentence_transformers.json "HTTP/1.1 307 Temporary Redirect"
2026-07-21 08:20:31,556 | INFO | HTTP Request: HEAD https://huggingface.co/api/resolve-cache/models/sentence-transformers/all-MiniLM-L6-v2/1110a243fdf4706b3f48f1d95db1a4f5529b4d41/config_sentence_transformers.json "HTTP/1.1 200 OK"
2026-07-21 08:20:31,794 | INFO | HTTP Request: HEAD https://huggingface.co/sentence-transformers/all-MiniLM-L6-v2/resolve/main/README.md "HTTP/1.1 307 Temporary Redirect"
2026-07-21 08:20:31,803 | INFO | HTTP Request: HEAD https://huggingface.co/api/resolve-cache/models/sentence-transformers/all-MiniLM-L6-v2/1110a243fdf4706b3f48f1d95db1a4f5529b4d41/README.md "HTTP/1.1 200 OK"
2026-07-21 08:20:31,813 | INFO | HTTP Request: GET https://huggingface.co/api/resolve-cache/models/sentence-transformers/all-MiniLM-L6-v2/1110a243fdf4706b3f48f1d95db1a4f5529b4d41/README.md "HTTP/1.1 200 OK"
2026-07-21 08:20:32,063 | INFO | HTTP Request: HEAD https://huggingface.co/sentence-transformers/all-MiniLM-L6-v2/resolve/main/modules.json "HTTP/1.1 307 Temporary Redirect"
2026-07-21 08:20:32,075 | INFO | HTTP Request: HEAD https://huggingface.co/api/resolve-cache/models/sentence-transformers/all-MiniLM-L6-v2/1110a243fdf4706b3f48f1d95db1a4f5529b4d41/modules.json "HTTP/1.1 200 OK"
2026-07-21 08:20:32,307 | INFO | HTTP Request: HEAD https://huggingface.co/sentence-transformers/all-MiniLM-L6-v2/resolve/main/sentence_bert_config.json "HTTP/1.1 307 Temporary Redirect"
2026-07-21 08:20:32,323 | INFO | HTTP Request: HEAD https://huggingface.co/api/resolve-cache/models/sentence-transformers/all-MiniLM-L6-v2/1110a243fdf4706b3f48f1d95db1a4f5529b4d41/sentence_bert_config.json "HTTP/1.1 200 OK"
2026-07-21 08:20:32,334 | INFO | HTTP Request: GET https://huggingface.co/api/resolve-cache/models/sentence-transformers/all-MiniLM-L6-v2/1110a243fdf4706b3f48f1d95db1a4f5529b4d41/sentence_bert_config.json "HTTP/1.1 200 OK"
2026-07-21 08:20:32,683 | INFO | HTTP Request: HEAD https://huggingface.co/sentence-transformers/all-MiniLM-L6-v2/resolve/main/adapter_config.json "HTTP/1.1 404 Not Found"
2026-07-21 08:20:32,932 | INFO | HTTP Request: HEAD https://huggingface.co/sentence-transformers/all-MiniLM-L6-v2/resolve/main/config.json "HTTP/1.1 307 Temporary Redirect"
2026-07-21 08:20:32,945 | INFO | HTTP Request: HEAD https://huggingface.co/api/resolve-cache/models/sentence-transformers/all-MiniLM-L6-v2/1110a243fdf4706b3f48f1d95db1a4f5529b4d41/config.json "HTTP/1.1 200 OK"
2026-07-21 08:20:32,956 | INFO | HTTP Request: GET https://huggingface.co/api/resolve-cache/models/sentence-transformers/all-MiniLM-L6-v2/1110a243fdf4706b3f48f1d95db1a4f5529b4d41/config.json "HTTP/1.1 200 OK"
2026-07-21 08:20:33,330 | INFO | HTTP Request: HEAD https://huggingface.co/sentence-transformers/all-MiniLM-L6-v2/resolve/main/model.safetensors "HTTP/1.1 302 Found"
2026-07-21 08:20:37,176 | INFO | HTTP Request: HEAD https://huggingface.co/sentence-transformers/all-MiniLM-L6-v2/resolve/main/processor_config.json "HTTP/1.1 404 Not Found"
2026-07-21 08:20:37,446 | INFO | HTTP Request: HEAD https://huggingface.co/sentence-transformers/all-MiniLM-L6-v2/resolve/main/preprocessor_config.json "HTTP/1.1 404 Not Found"
2026-07-21 08:20:37,716 | INFO | HTTP Request: HEAD https://huggingface.co/sentence-transformers/all-MiniLM-L6-v2/resolve/main/video_preprocessor_config.json "HTTP/1.1 404 Not Found"
2026-07-21 08:20:37,956 | INFO | HTTP Request: HEAD https://huggingface.co/sentence-transformers/all-MiniLM-L6-v2/resolve/main/preprocessor_config.json "HTTP/1.1 404 Not Found"
2026-07-21 08:20:38,198 | INFO | HTTP Request: HEAD https://huggingface.co/sentence-transformers/all-MiniLM-L6-v2/resolve/main/tokenizer_config.json "HTTP/1.1 307 Temporary Redirect"
2026-07-21 08:20:38,209 | INFO | HTTP Request: HEAD https://huggingface.co/api/resolve-cache/models/sentence-transformers/all-MiniLM-L6-v2/1110a243fdf4706b3f48f1d95db1a4f5529b4d41/tokenizer_config.json "HTTP/1.1 200 OK"
2026-07-21 08:20:38,220 | INFO | HTTP Request: GET https://huggingface.co/api/resolve-cache/models/sentence-transformers/all-MiniLM-L6-v2/1110a243fdf4706b3f48f1d95db1a4f5529b4d41/tokenizer_config.json "HTTP/1.1 200 OK"
2026-07-21 08:20:38,469 | INFO | HTTP Request: HEAD https://huggingface.co/sentence-transformers/all-MiniLM-L6-v2/resolve/main/config.json "HTTP/1.1 307 Temporary Redirect"
2026-07-21 08:20:38,479 | INFO | HTTP Request: HEAD https://huggingface.co/api/resolve-cache/models/sentence-transformers/all-MiniLM-L6-v2/1110a243fdf4706b3f48f1d95db1a4f5529b4d41/config.json "HTTP/1.1 200 OK"
2026-07-21 08:20:38,713 | INFO | HTTP Request: HEAD https://huggingface.co/sentence-transformers/all-MiniLM-L6-v2/resolve/main/config.json "HTTP/1.1 307 Temporary Redirect"
2026-07-21 08:20:38,723 | INFO | HTTP Request: HEAD https://huggingface.co/api/resolve-cache/models/sentence-transformers/all-MiniLM-L6-v2/1110a243fdf4706b3f48f1d95db1a4f5529b4d41/config.json "HTTP/1.1 200 OK"
2026-07-21 08:20:38,966 | INFO | HTTP Request: HEAD https://huggingface.co/sentence-transformers/all-MiniLM-L6-v2/resolve/main/tokenizer_config.json "HTTP/1.1 307 Temporary Redirect"
2026-07-21 08:20:38,976 | INFO | HTTP Request: HEAD https://huggingface.co/api/resolve-cache/models/sentence-transformers/all-MiniLM-L6-v2/1110a243fdf4706b3f48f1d95db1a4f5529b4d41/tokenizer_config.json "HTTP/1.1 200 OK"
2026-07-21 08:20:39,221 | INFO | HTTP Request: GET https://huggingface.co/api/models/sentence-transformers/all-MiniLM-L6-v2/tree/main/additional_chat_templates?recursive=false&expand=false "HTTP/1.1 404 Not Found"
2026-07-21 08:20:39,467 | INFO | HTTP Request: GET https://huggingface.co/api/models/sentence-transformers/all-MiniLM-L6-v2/tree/main?recursive=true&expand=false "HTTP/1.1 200 OK"
2026-07-21 08:20:39,705 | INFO | HTTP Request: HEAD https://huggingface.co/sentence-transformers/all-MiniLM-L6-v2/resolve/main/vocab.txt "HTTP/1.1 307 Temporary Redirect"
2026-07-21 08:20:39,716 | INFO | HTTP Request: HEAD https://huggingface.co/api/resolve-cache/models/sentence-transformers/all-MiniLM-L6-v2/1110a243fdf4706b3f48f1d95db1a4f5529b4d41/vocab.txt "HTTP/1.1 200 OK"
2026-07-21 08:20:39,726 | INFO | HTTP Request: GET https://huggingface.co/api/resolve-cache/models/sentence-transformers/all-MiniLM-L6-v2/1110a243fdf4706b3f48f1d95db1a4f5529b4d41/vocab.txt "HTTP/1.1 200 OK"
2026-07-21 08:20:39,975 | INFO | HTTP Request: HEAD https://huggingface.co/sentence-transformers/all-MiniLM-L6-v2/resolve/main/tokenizer.json "HTTP/1.1 307 Temporary Redirect"
2026-07-21 08:20:39,986 | INFO | HTTP Request: HEAD https://huggingface.co/api/resolve-cache/models/sentence-transformers/all-MiniLM-L6-v2/1110a243fdf4706b3f48f1d95db1a4f5529b4d41/tokenizer.json "HTTP/1.1 200 OK"
2026-07-21 08:20:40,003 | INFO | HTTP Request: GET https://huggingface.co/api/resolve-cache/models/sentence-transformers/all-MiniLM-L6-v2/1110a243fdf4706b3f48f1d95db1a4f5529b4d41/tokenizer.json "HTTP/1.1 200 OK"
2026-07-21 08:20:40,241 | INFO | HTTP Request: HEAD https://huggingface.co/sentence-transformers/all-MiniLM-L6-v2/resolve/main/added_tokens.json "HTTP/1.1 404 Not Found"
2026-07-21 08:20:40,473 | INFO | HTTP Request: HEAD https://huggingface.co/sentence-transformers/all-MiniLM-L6-v2/resolve/main/special_tokens_map.json "HTTP/1.1 307 Temporary Redirect"
2026-07-21 08:20:40,485 | INFO | HTTP Request: HEAD https://huggingface.co/api/resolve-cache/models/sentence-transformers/all-MiniLM-L6-v2/1110a243fdf4706b3f48f1d95db1a4f5529b4d41/special_tokens_map.json "HTTP/1.1 200 OK"
2026-07-21 08:20:40,495 | INFO | HTTP Request: GET https://huggingface.co/api/resolve-cache/models/sentence-transformers/all-MiniLM-L6-v2/1110a243fdf4706b3f48f1d95db1a4f5529b4d41/special_tokens_map.json "HTTP/1.1 200 OK"
2026-07-21 08:20:40,738 | INFO | HTTP Request: HEAD https://huggingface.co/sentence-transformers/all-MiniLM-L6-v2/resolve/main/chat_template.jinja "HTTP/1.1 404 Not Found"
2026-07-21 08:20:41,314 | INFO | HTTP Request: HEAD https://huggingface.co/sentence-transformers/all-MiniLM-L6-v2/resolve/main/1_Pooling/config.json "HTTP/1.1 307 Temporary Redirect"
2026-07-21 08:20:41,324 | INFO | HTTP Request: HEAD https://huggingface.co/api/resolve-cache/models/sentence-transformers/all-MiniLM-L6-v2/1110a243fdf4706b3f48f1d95db1a4f5529b4d41/1_Pooling%2Fconfig.json "HTTP/1.1 200 OK"
2026-07-21 08:20:41,334 | INFO | HTTP Request: GET https://huggingface.co/api/resolve-cache/models/sentence-transformers/all-MiniLM-L6-v2/1110a243fdf4706b3f48f1d95db1a4f5529b4d41/1_Pooling%2Fconfig.json "HTTP/1.1 200 OK"
2026-07-21 08:20:41,586 | INFO | HTTP Request: GET https://huggingface.co/api/models/sentence-transformers/all-MiniLM-L6-v2 "HTTP/1.1 200 OK"
2026-07-21 08:20:41,589 | INFO | Model Loaded : all-MiniLM-L6-v2
2026-07-21 08:20:42,762 | INFO | Domain Filter Applied : Backend Development
2026-07-21 08:20:42,779 | INFO | Top 10 Recommendations Generated
2026-07-23 04:52:30,346 | INFO | ============================================================
2026-07-23 04:52:30,346 | INFO | Loading Dataset
2026-07-23 04:52:30,346 | INFO | ============================================================
2026-07-23 04:52:30,397 | INFO | Records : 6805
2026-07-23 04:52:30,397 | INFO | ============================================================
2026-07-23 04:52:30,397 | INFO | Preparing Dataset
2026-07-23 04:52:30,397 | INFO | ============================================================
2026-07-23 04:52:30,916 | INFO | ============================================================
2026-07-23 04:52:30,916 | INFO | Training Models
2026-07-23 04:52:30,916 | INFO | ============================================================
2026-07-23 04:52:30,916 | INFO | Training Logistic Regression
2026-07-23 04:52:36,258 | INFO | Training Random Forest
2026-07-23 04:52:42,199 | INFO | Training XGBoost
2026-07-23 04:54:03,629 | INFO | ============================================================
2026-07-23 04:54:03,629 | INFO | Evaluating Models
2026-07-23 04:54:03,629 | INFO | ============================================================
2026-07-23 05:03:19,092 | INFO | ============================================================
2026-07-23 05:03:19,092 | INFO | Loading Dataset
2026-07-23 05:03:19,092 | INFO | ============================================================
2026-07-23 05:03:19,146 | INFO | Records : 6805
2026-07-23 05:03:19,146 | INFO | ============================================================
2026-07-23 05:03:19,146 | INFO | Preparing Dataset
2026-07-23 05:03:19,146 | INFO | ============================================================
2026-07-23 05:03:19,485 | INFO | ============================================================
2026-07-23 05:03:19,486 | INFO | Training Models
2026-07-23 05:03:19,486 | INFO | ============================================================
2026-07-23 05:03:19,486 | INFO | Training Logistic Regression
2026-07-23 05:03:24,371 | INFO | Training Random Forest
2026-07-23 05:03:30,531 | INFO | Training XGBoost
2026-07-23 05:04:59,407 | INFO | ============================================================
2026-07-23 05:04:59,407 | INFO | Evaluating Models
2026-07-23 05:04:59,407 | INFO | ============================================================
2026-07-23 05:06:25,367 | INFO | ============================================================
2026-07-23 05:06:25,367 | INFO | Loading Dataset
2026-07-23 05:06:25,367 | INFO | ============================================================
2026-07-23 05:06:25,431 | INFO | Records : 6805
2026-07-23 05:06:25,431 | INFO | ============================================================
2026-07-23 05:06:25,431 | INFO | Preparing Dataset
2026-07-23 05:06:25,431 | INFO | ============================================================
2026-07-23 05:06:25,875 | INFO | ============================================================
2026-07-23 05:06:25,875 | INFO | Training Models
2026-07-23 05:06:25,875 | INFO | ============================================================
2026-07-23 05:06:25,875 | INFO | Training Logistic Regression
2026-07-23 05:06:31,303 | INFO | Training Random Forest
2026-07-23 05:06:37,207 | INFO | Training XGBoost
2026-07-23 05:07:59,580 | INFO | ============================================================
2026-07-23 05:07:59,580 | INFO | Evaluating Models
2026-07-23 05:07:59,581 | INFO | ============================================================
2026-07-23 05:08:51,667 | INFO | ============================================================
2026-07-23 05:08:51,669 | INFO | Saving Best Model
2026-07-23 05:08:51,669 | INFO | ============================================================
2026-07-23 05:08:51,910 | INFO | Best Model : XGBoost
2026-07-23 05:08:51,910 | INFO | ============================================================
2026-07-23 05:08:51,910 | INFO | Training Completed
2026-07-23 05:08:51,910 | INFO | ============================================================
2026-07-25 00:47:09,982 | INFO | ======================================================================
2026-07-25 00:47:09,984 | INFO | Loading Recommendation Engine
2026-07-25 00:47:09,984 | INFO | ======================================================================
2026-07-25 00:47:10,029 | INFO | Dataset Loaded : 6805 internships
2026-07-25 00:47:10,029 | INFO | Embeddings Shape : (6805, 384)
2026-07-25 00:47:47,728 | INFO | ======================================================================
2026-07-25 00:47:47,728 | INFO | Generating Internship Recommendations
2026-07-25 00:47:47,729 | INFO | ======================================================================
2026-07-25 00:47:47,729 | INFO | ============================================================
2026-07-25 00:47:47,729 | INFO | Loading Embedding Model
2026-07-25 00:47:47,729 | INFO | ============================================================
2026-07-25 00:47:47,730 | INFO | No device provided, using cpu
2026-07-25 00:47:47,985 | INFO | HTTP Request: HEAD https://huggingface.co/sentence-transformers/all-MiniLM-L6-v2/resolve/main/modules.json "HTTP/1.1 307 Temporary Redirect"
2026-07-25 00:47:47,986 | WARNING | Warning: You are sending unauthenticated requests to the HF Hub. Please set a HF_TOKEN to enable higher rate limits and faster downloads.
2026-07-25 00:47:47,995 | INFO | HTTP Request: HEAD https://huggingface.co/api/resolve-cache/models/sentence-transformers/all-MiniLM-L6-v2/1110a243fdf4706b3f48f1d95db1a4f5529b4d41/modules.json "HTTP/1.1 200 OK"
2026-07-25 00:47:48,202 | INFO | HTTP Request: HEAD https://huggingface.co/sentence-transformers/all-MiniLM-L6-v2/resolve/main/config_sentence_transformers.json "HTTP/1.1 307 Temporary Redirect"
2026-07-25 00:47:48,213 | INFO | HTTP Request: HEAD https://huggingface.co/api/resolve-cache/models/sentence-transformers/all-MiniLM-L6-v2/1110a243fdf4706b3f48f1d95db1a4f5529b4d41/config_sentence_transformers.json "HTTP/1.1 200 OK"
2026-07-25 00:47:48,214 | INFO | Loading SentenceTransformer model from sentence-transformers/all-MiniLM-L6-v2.
2026-07-25 00:47:48,419 | INFO | HTTP Request: HEAD https://huggingface.co/sentence-transformers/all-MiniLM-L6-v2/resolve/main/config_sentence_transformers.json "HTTP/1.1 307 Temporary Redirect"
2026-07-25 00:47:48,428 | INFO | HTTP Request: HEAD https://huggingface.co/api/resolve-cache/models/sentence-transformers/all-MiniLM-L6-v2/1110a243fdf4706b3f48f1d95db1a4f5529b4d41/config_sentence_transformers.json "HTTP/1.1 200 OK"
2026-07-25 00:47:48,632 | INFO | HTTP Request: HEAD https://huggingface.co/sentence-transformers/all-MiniLM-L6-v2/resolve/main/README.md "HTTP/1.1 307 Temporary Redirect"
2026-07-25 00:47:48,644 | INFO | HTTP Request: HEAD https://huggingface.co/api/resolve-cache/models/sentence-transformers/all-MiniLM-L6-v2/1110a243fdf4706b3f48f1d95db1a4f5529b4d41/README.md "HTTP/1.1 200 OK"
2026-07-25 00:47:48,849 | INFO | HTTP Request: HEAD https://huggingface.co/sentence-transformers/all-MiniLM-L6-v2/resolve/main/modules.json "HTTP/1.1 307 Temporary Redirect"
2026-07-25 00:47:48,858 | INFO | HTTP Request: HEAD https://huggingface.co/api/resolve-cache/models/sentence-transformers/all-MiniLM-L6-v2/1110a243fdf4706b3f48f1d95db1a4f5529b4d41/modules.json "HTTP/1.1 200 OK"
2026-07-25 00:47:49,062 | INFO | HTTP Request: HEAD https://huggingface.co/sentence-transformers/all-MiniLM-L6-v2/resolve/main/sentence_bert_config.json "HTTP/1.1 307 Temporary Redirect"
2026-07-25 00:47:49,071 | INFO | HTTP Request: HEAD https://huggingface.co/api/resolve-cache/models/sentence-transformers/all-MiniLM-L6-v2/1110a243fdf4706b3f48f1d95db1a4f5529b4d41/sentence_bert_config.json "HTTP/1.1 200 OK"
2026-07-25 00:47:49,278 | INFO | HTTP Request: HEAD https://huggingface.co/sentence-transformers/all-MiniLM-L6-v2/resolve/main/adapter_config.json "HTTP/1.1 404 Not Found"
2026-07-25 00:47:49,485 | INFO | HTTP Request: HEAD https://huggingface.co/sentence-transformers/all-MiniLM-L6-v2/resolve/main/config.json "HTTP/1.1 307 Temporary Redirect"
2026-07-25 00:47:49,493 | INFO | HTTP Request: HEAD https://huggingface.co/api/resolve-cache/models/sentence-transformers/all-MiniLM-L6-v2/1110a243fdf4706b3f48f1d95db1a4f5529b4d41/config.json "HTTP/1.1 200 OK"
2026-07-25 00:47:49,861 | INFO | HTTP Request: HEAD https://huggingface.co/sentence-transformers/all-MiniLM-L6-v2/resolve/main/processor_config.json "HTTP/1.1 404 Not Found"
2026-07-25 00:47:50,067 | INFO | HTTP Request: HEAD https://huggingface.co/sentence-transformers/all-MiniLM-L6-v2/resolve/main/preprocessor_config.json "HTTP/1.1 404 Not Found"
2026-07-25 00:47:50,278 | INFO | HTTP Request: HEAD https://huggingface.co/sentence-transformers/all-MiniLM-L6-v2/resolve/main/video_preprocessor_config.json "HTTP/1.1 404 Not Found"
2026-07-25 00:47:50,499 | INFO | HTTP Request: HEAD https://huggingface.co/sentence-transformers/all-MiniLM-L6-v2/resolve/main/preprocessor_config.json "HTTP/1.1 404 Not Found"
2026-07-25 00:47:50,703 | INFO | HTTP Request: HEAD https://huggingface.co/sentence-transformers/all-MiniLM-L6-v2/resolve/main/tokenizer_config.json "HTTP/1.1 307 Temporary Redirect"
2026-07-25 00:47:50,712 | INFO | HTTP Request: HEAD https://huggingface.co/api/resolve-cache/models/sentence-transformers/all-MiniLM-L6-v2/1110a243fdf4706b3f48f1d95db1a4f5529b4d41/tokenizer_config.json "HTTP/1.1 200 OK"
2026-07-25 00:47:50,917 | INFO | HTTP Request: HEAD https://huggingface.co/sentence-transformers/all-MiniLM-L6-v2/resolve/main/config.json "HTTP/1.1 307 Temporary Redirect"
2026-07-25 00:47:50,925 | INFO | HTTP Request: HEAD https://huggingface.co/api/resolve-cache/models/sentence-transformers/all-MiniLM-L6-v2/1110a243fdf4706b3f48f1d95db1a4f5529b4d41/config.json "HTTP/1.1 200 OK"
2026-07-25 00:47:51,134 | INFO | HTTP Request: HEAD https://huggingface.co/sentence-transformers/all-MiniLM-L6-v2/resolve/main/config.json "HTTP/1.1 307 Temporary Redirect"
2026-07-25 00:47:51,142 | INFO | HTTP Request: HEAD https://huggingface.co/api/resolve-cache/models/sentence-transformers/all-MiniLM-L6-v2/1110a243fdf4706b3f48f1d95db1a4f5529b4d41/config.json "HTTP/1.1 200 OK"
2026-07-25 00:47:51,351 | INFO | HTTP Request: HEAD https://huggingface.co/sentence-transformers/all-MiniLM-L6-v2/resolve/main/tokenizer_config.json "HTTP/1.1 307 Temporary Redirect"
2026-07-25 00:47:51,359 | INFO | HTTP Request: HEAD https://huggingface.co/api/resolve-cache/models/sentence-transformers/all-MiniLM-L6-v2/1110a243fdf4706b3f48f1d95db1a4f5529b4d41/tokenizer_config.json "HTTP/1.1 200 OK"
2026-07-25 00:47:51,569 | INFO | HTTP Request: GET https://huggingface.co/api/models/sentence-transformers/all-MiniLM-L6-v2/tree/main/additional_chat_templates?recursive=false&expand=false "HTTP/1.1 404 Not Found"
2026-07-25 00:47:51,779 | INFO | HTTP Request: GET https://huggingface.co/api/models/sentence-transformers/all-MiniLM-L6-v2/tree/main?recursive=true&expand=false "HTTP/1.1 200 OK"
2026-07-25 00:47:52,017 | INFO | HTTP Request: HEAD https://huggingface.co/sentence-transformers/all-MiniLM-L6-v2/resolve/main/1_Pooling/config.json "HTTP/1.1 307 Temporary Redirect"
2026-07-25 00:47:52,026 | INFO | HTTP Request: HEAD https://huggingface.co/api/resolve-cache/models/sentence-transformers/all-MiniLM-L6-v2/1110a243fdf4706b3f48f1d95db1a4f5529b4d41/1_Pooling%2Fconfig.json "HTTP/1.1 200 OK"
2026-07-25 00:47:52,235 | INFO | HTTP Request: GET https://huggingface.co/api/models/sentence-transformers/all-MiniLM-L6-v2 "HTTP/1.1 200 OK"
2026-07-25 00:47:52,239 | INFO | Model Loaded : all-MiniLM-L6-v2
2026-07-25 00:47:52,563 | INFO | Domain Filter Applied : Backend Development
2026-07-25 00:47:52,575 | INFO | Top 10 Recommendations Generated
2026-07-25 00:57:17,839 | INFO | ======================================================================
2026-07-25 00:57:17,839 | INFO | Loading Recommendation Engine
2026-07-25 00:57:17,839 | INFO | ======================================================================
2026-07-25 00:57:17,886 | INFO | Dataset Loaded : 6805 internships
2026-07-25 00:57:17,887 | INFO | Embeddings Shape : (6805, 384)
2026-07-25 00:57:44,916 | INFO | ======================================================================
2026-07-25 00:57:44,916 | INFO | Generating Internship Recommendations
2026-07-25 00:57:44,916 | INFO | ======================================================================
2026-07-25 00:57:44,916 | INFO | ============================================================
2026-07-25 00:57:44,917 | INFO | Loading Embedding Model
2026-07-25 00:57:44,917 | INFO | ============================================================
2026-07-25 00:57:44,918 | INFO | No device provided, using cpu
2026-07-25 00:57:45,171 | INFO | HTTP Request: HEAD https://huggingface.co/sentence-transformers/all-MiniLM-L6-v2/resolve/main/modules.json "HTTP/1.1 307 Temporary Redirect"
2026-07-25 00:57:45,171 | WARNING | Warning: You are sending unauthenticated requests to the HF Hub. Please set a HF_TOKEN to enable higher rate limits and faster downloads.
2026-07-25 00:57:45,180 | INFO | HTTP Request: HEAD https://huggingface.co/api/resolve-cache/models/sentence-transformers/all-MiniLM-L6-v2/1110a243fdf4706b3f48f1d95db1a4f5529b4d41/modules.json "HTTP/1.1 200 OK"
2026-07-25 00:57:45,387 | INFO | HTTP Request: HEAD https://huggingface.co/sentence-transformers/all-MiniLM-L6-v2/resolve/main/config_sentence_transformers.json "HTTP/1.1 307 Temporary Redirect"
2026-07-25 00:57:45,396 | INFO | HTTP Request: HEAD https://huggingface.co/api/resolve-cache/models/sentence-transformers/all-MiniLM-L6-v2/1110a243fdf4706b3f48f1d95db1a4f5529b4d41/config_sentence_transformers.json "HTTP/1.1 200 OK"
2026-07-25 00:57:45,398 | INFO | Loading SentenceTransformer model from sentence-transformers/all-MiniLM-L6-v2.
2026-07-25 00:57:45,617 | INFO | HTTP Request: HEAD https://huggingface.co/sentence-transformers/all-MiniLM-L6-v2/resolve/main/config_sentence_transformers.json "HTTP/1.1 307 Temporary Redirect"
2026-07-25 00:57:45,626 | INFO | HTTP Request: HEAD https://huggingface.co/api/resolve-cache/models/sentence-transformers/all-MiniLM-L6-v2/1110a243fdf4706b3f48f1d95db1a4f5529b4d41/config_sentence_transformers.json "HTTP/1.1 200 OK"
2026-07-25 00:57:45,832 | INFO | HTTP Request: HEAD https://huggingface.co/sentence-transformers/all-MiniLM-L6-v2/resolve/main/README.md "HTTP/1.1 307 Temporary Redirect"
2026-07-25 00:57:45,841 | INFO | HTTP Request: HEAD https://huggingface.co/api/resolve-cache/models/sentence-transformers/all-MiniLM-L6-v2/1110a243fdf4706b3f48f1d95db1a4f5529b4d41/README.md "HTTP/1.1 200 OK"
2026-07-25 00:57:46,048 | INFO | HTTP Request: HEAD https://huggingface.co/sentence-transformers/all-MiniLM-L6-v2/resolve/main/modules.json "HTTP/1.1 307 Temporary Redirect"
2026-07-25 00:57:46,065 | INFO | HTTP Request: HEAD https://huggingface.co/api/resolve-cache/models/sentence-transformers/all-MiniLM-L6-v2/1110a243fdf4706b3f48f1d95db1a4f5529b4d41/modules.json "HTTP/1.1 200 OK"
2026-07-25 00:57:46,271 | INFO | HTTP Request: HEAD https://huggingface.co/sentence-transformers/all-MiniLM-L6-v2/resolve/main/sentence_bert_config.json "HTTP/1.1 307 Temporary Redirect"
2026-07-25 00:57:46,280 | INFO | HTTP Request: HEAD https://huggingface.co/api/resolve-cache/models/sentence-transformers/all-MiniLM-L6-v2/1110a243fdf4706b3f48f1d95db1a4f5529b4d41/sentence_bert_config.json "HTTP/1.1 200 OK"
2026-07-25 00:57:46,486 | INFO | HTTP Request: HEAD https://huggingface.co/sentence-transformers/all-MiniLM-L6-v2/resolve/main/adapter_config.json "HTTP/1.1 404 Not Found"
2026-07-25 00:57:46,693 | INFO | HTTP Request: HEAD https://huggingface.co/sentence-transformers/all-MiniLM-L6-v2/resolve/main/config.json "HTTP/1.1 307 Temporary Redirect"
2026-07-25 00:57:46,703 | INFO | HTTP Request: HEAD https://huggingface.co/api/resolve-cache/models/sentence-transformers/all-MiniLM-L6-v2/1110a243fdf4706b3f48f1d95db1a4f5529b4d41/config.json "HTTP/1.1 200 OK"
2026-07-25 00:57:47,107 | INFO | HTTP Request: HEAD https://huggingface.co/sentence-transformers/all-MiniLM-L6-v2/resolve/main/processor_config.json "HTTP/1.1 404 Not Found"
2026-07-25 00:57:47,323 | INFO | HTTP Request: HEAD https://huggingface.co/sentence-transformers/all-MiniLM-L6-v2/resolve/main/preprocessor_config.json "HTTP/1.1 404 Not Found"
2026-07-25 00:57:47,530 | INFO | HTTP Request: HEAD https://huggingface.co/sentence-transformers/all-MiniLM-L6-v2/resolve/main/video_preprocessor_config.json "HTTP/1.1 404 Not Found"
2026-07-25 00:57:47,740 | INFO | HTTP Request: HEAD https://huggingface.co/sentence-transformers/all-MiniLM-L6-v2/resolve/main/preprocessor_config.json "HTTP/1.1 404 Not Found"
2026-07-25 00:57:47,946 | INFO | HTTP Request: HEAD https://huggingface.co/sentence-transformers/all-MiniLM-L6-v2/resolve/main/tokenizer_config.json "HTTP/1.1 307 Temporary Redirect"
2026-07-25 00:57:47,954 | INFO | HTTP Request: HEAD https://huggingface.co/api/resolve-cache/models/sentence-transformers/all-MiniLM-L6-v2/1110a243fdf4706b3f48f1d95db1a4f5529b4d41/tokenizer_config.json "HTTP/1.1 200 OK"
2026-07-25 00:57:48,160 | INFO | HTTP Request: HEAD https://huggingface.co/sentence-transformers/all-MiniLM-L6-v2/resolve/main/config.json "HTTP/1.1 307 Temporary Redirect"
2026-07-25 00:57:48,168 | INFO | HTTP Request: HEAD https://huggingface.co/api/resolve-cache/models/sentence-transformers/all-MiniLM-L6-v2/1110a243fdf4706b3f48f1d95db1a4f5529b4d41/config.json "HTTP/1.1 200 OK"
2026-07-25 00:57:48,375 | INFO | HTTP Request: HEAD https://huggingface.co/sentence-transformers/all-MiniLM-L6-v2/resolve/main/config.json "HTTP/1.1 307 Temporary Redirect"
2026-07-25 00:57:48,384 | INFO | HTTP Request: HEAD https://huggingface.co/api/resolve-cache/models/sentence-transformers/all-MiniLM-L6-v2/1110a243fdf4706b3f48f1d95db1a4f5529b4d41/config.json "HTTP/1.1 200 OK"
2026-07-25 00:57:48,589 | INFO | HTTP Request: HEAD https://huggingface.co/sentence-transformers/all-MiniLM-L6-v2/resolve/main/tokenizer_config.json "HTTP/1.1 307 Temporary Redirect"
2026-07-25 00:57:48,597 | INFO | HTTP Request: HEAD https://huggingface.co/api/resolve-cache/models/sentence-transformers/all-MiniLM-L6-v2/1110a243fdf4706b3f48f1d95db1a4f5529b4d41/tokenizer_config.json "HTTP/1.1 200 OK"
2026-07-25 00:57:48,807 | INFO | HTTP Request: GET https://huggingface.co/api/models/sentence-transformers/all-MiniLM-L6-v2/tree/main/additional_chat_templates?recursive=false&expand=false "HTTP/1.1 404 Not Found"
2026-07-25 00:57:49,017 | INFO | HTTP Request: GET https://huggingface.co/api/models/sentence-transformers/all-MiniLM-L6-v2/tree/main?recursive=true&expand=false "HTTP/1.1 200 OK"
2026-07-25 00:57:49,280 | INFO | HTTP Request: HEAD https://huggingface.co/sentence-transformers/all-MiniLM-L6-v2/resolve/main/1_Pooling/config.json "HTTP/1.1 307 Temporary Redirect"
2026-07-25 00:57:49,289 | INFO | HTTP Request: HEAD https://huggingface.co/api/resolve-cache/models/sentence-transformers/all-MiniLM-L6-v2/1110a243fdf4706b3f48f1d95db1a4f5529b4d41/1_Pooling%2Fconfig.json "HTTP/1.1 200 OK"
2026-07-25 00:57:49,496 | INFO | HTTP Request: GET https://huggingface.co/api/models/sentence-transformers/all-MiniLM-L6-v2 "HTTP/1.1 200 OK"
2026-07-25 00:57:49,503 | INFO | Model Loaded : all-MiniLM-L6-v2
2026-07-25 00:57:49,625 | INFO | Domain Filter Applied : Backend Development
2026-07-25 00:57:49,657 | INFO | Top 10 Recommendations Generated
2026-07-25 02:08:55,925 | INFO | ======================================================================
2026-07-25 02:08:55,951 | INFO | Loading Recommendation Engine
2026-07-25 02:08:55,952 | INFO | ======================================================================
2026-07-25 02:08:56,982 | INFO | Dataset Loaded : 6805 internships
2026-07-25 02:08:56,983 | INFO | Embeddings Shape : (6805, 384)
2026-07-25 02:09:34,167 | INFO | ======================================================================
2026-07-25 02:09:34,167 | INFO | Generating Internship Recommendations
2026-07-25 02:09:34,167 | INFO | ======================================================================
2026-07-25 02:09:34,167 | INFO | ============================================================
2026-07-25 02:09:34,167 | INFO | Loading Embedding Model
2026-07-25 02:09:34,167 | INFO | ============================================================
2026-07-25 02:09:34,169 | INFO | No device provided, using cpu
2026-07-25 02:09:34,495 | INFO | HTTP Request: HEAD https://huggingface.co/sentence-transformers/all-MiniLM-L6-v2/resolve/main/modules.json "HTTP/1.1 307 Temporary Redirect"
2026-07-25 02:09:34,506 | INFO | HTTP Request: HEAD https://huggingface.co/api/resolve-cache/models/sentence-transformers/all-MiniLM-L6-v2/1110a243fdf4706b3f48f1d95db1a4f5529b4d41/modules.json "HTTP/1.1 200 OK"
2026-07-25 02:09:34,717 | INFO | HTTP Request: HEAD https://huggingface.co/sentence-transformers/all-MiniLM-L6-v2/resolve/main/config_sentence_transformers.json "HTTP/1.1 307 Temporary Redirect"
2026-07-25 02:09:34,717 | WARNING | Warning: You are sending unauthenticated requests to the HF Hub. Please set a HF_TOKEN to enable higher rate limits and faster downloads.
2026-07-25 02:09:34,726 | INFO | HTTP Request: HEAD https://huggingface.co/api/resolve-cache/models/sentence-transformers/all-MiniLM-L6-v2/1110a243fdf4706b3f48f1d95db1a4f5529b4d41/config_sentence_transformers.json "HTTP/1.1 200 OK"
2026-07-25 02:09:34,727 | INFO | Loading SentenceTransformer model from sentence-transformers/all-MiniLM-L6-v2.
2026-07-25 02:09:34,929 | INFO | HTTP Request: HEAD https://huggingface.co/sentence-transformers/all-MiniLM-L6-v2/resolve/main/config_sentence_transformers.json "HTTP/1.1 307 Temporary Redirect"
2026-07-25 02:09:34,938 | INFO | HTTP Request: HEAD https://huggingface.co/api/resolve-cache/models/sentence-transformers/all-MiniLM-L6-v2/1110a243fdf4706b3f48f1d95db1a4f5529b4d41/config_sentence_transformers.json "HTTP/1.1 200 OK"
2026-07-25 02:09:35,145 | INFO | HTTP Request: HEAD https://huggingface.co/sentence-transformers/all-MiniLM-L6-v2/resolve/main/README.md "HTTP/1.1 307 Temporary Redirect"
2026-07-25 02:09:35,155 | INFO | HTTP Request: HEAD https://huggingface.co/api/resolve-cache/models/sentence-transformers/all-MiniLM-L6-v2/1110a243fdf4706b3f48f1d95db1a4f5529b4d41/README.md "HTTP/1.1 200 OK"
2026-07-25 02:09:35,360 | INFO | HTTP Request: HEAD https://huggingface.co/sentence-transformers/all-MiniLM-L6-v2/resolve/main/modules.json "HTTP/1.1 307 Temporary Redirect"
2026-07-25 02:09:35,371 | INFO | HTTP Request: HEAD https://huggingface.co/api/resolve-cache/models/sentence-transformers/all-MiniLM-L6-v2/1110a243fdf4706b3f48f1d95db1a4f5529b4d41/modules.json "HTTP/1.1 200 OK"
2026-07-25 02:09:35,590 | INFO | HTTP Request: HEAD https://huggingface.co/sentence-transformers/all-MiniLM-L6-v2/resolve/main/sentence_bert_config.json "HTTP/1.1 307 Temporary Redirect"
2026-07-25 02:09:35,601 | INFO | HTTP Request: HEAD https://huggingface.co/api/resolve-cache/models/sentence-transformers/all-MiniLM-L6-v2/1110a243fdf4706b3f48f1d95db1a4f5529b4d41/sentence_bert_config.json "HTTP/1.1 200 OK"
2026-07-25 02:09:35,820 | INFO | HTTP Request: HEAD https://huggingface.co/sentence-transformers/all-MiniLM-L6-v2/resolve/main/adapter_config.json "HTTP/1.1 404 Not Found"
2026-07-25 02:09:36,030 | INFO | HTTP Request: HEAD https://huggingface.co/sentence-transformers/all-MiniLM-L6-v2/resolve/main/config.json "HTTP/1.1 307 Temporary Redirect"
2026-07-25 02:09:36,039 | INFO | HTTP Request: HEAD https://huggingface.co/api/resolve-cache/models/sentence-transformers/all-MiniLM-L6-v2/1110a243fdf4706b3f48f1d95db1a4f5529b4d41/config.json "HTTP/1.1 200 OK"
2026-07-25 02:09:39,116 | INFO | HTTP Request: HEAD https://huggingface.co/sentence-transformers/all-MiniLM-L6-v2/resolve/main/processor_config.json "HTTP/1.1 404 Not Found"
2026-07-25 02:09:39,370 | INFO | HTTP Request: HEAD https://huggingface.co/sentence-transformers/all-MiniLM-L6-v2/resolve/main/preprocessor_config.json "HTTP/1.1 404 Not Found"
2026-07-25 02:09:39,580 | INFO | HTTP Request: HEAD https://huggingface.co/sentence-transformers/all-MiniLM-L6-v2/resolve/main/video_preprocessor_config.json "HTTP/1.1 404 Not Found"
2026-07-25 02:09:39,786 | INFO | HTTP Request: HEAD https://huggingface.co/sentence-transformers/all-MiniLM-L6-v2/resolve/main/preprocessor_config.json "HTTP/1.1 404 Not Found"
2026-07-25 02:09:39,997 | INFO | HTTP Request: HEAD https://huggingface.co/sentence-transformers/all-MiniLM-L6-v2/resolve/main/tokenizer_config.json "HTTP/1.1 307 Temporary Redirect"
2026-07-25 02:09:40,008 | INFO | HTTP Request: HEAD https://huggingface.co/api/resolve-cache/models/sentence-transformers/all-MiniLM-L6-v2/1110a243fdf4706b3f48f1d95db1a4f5529b4d41/tokenizer_config.json "HTTP/1.1 200 OK"
2026-07-25 02:09:40,222 | INFO | HTTP Request: HEAD https://huggingface.co/sentence-transformers/all-MiniLM-L6-v2/resolve/main/config.json "HTTP/1.1 307 Temporary Redirect"
2026-07-25 02:09:40,231 | INFO | HTTP Request: HEAD https://huggingface.co/api/resolve-cache/models/sentence-transformers/all-MiniLM-L6-v2/1110a243fdf4706b3f48f1d95db1a4f5529b4d41/config.json "HTTP/1.1 200 OK"
2026-07-25 02:09:40,439 | INFO | HTTP Request: HEAD https://huggingface.co/sentence-transformers/all-MiniLM-L6-v2/resolve/main/config.json "HTTP/1.1 307 Temporary Redirect"
2026-07-25 02:09:40,450 | INFO | HTTP Request: HEAD https://huggingface.co/api/resolve-cache/models/sentence-transformers/all-MiniLM-L6-v2/1110a243fdf4706b3f48f1d95db1a4f5529b4d41/config.json "HTTP/1.1 200 OK"
2026-07-25 02:09:40,723 | INFO | HTTP Request: HEAD https://huggingface.co/sentence-transformers/all-MiniLM-L6-v2/resolve/main/tokenizer_config.json "HTTP/1.1 307 Temporary Redirect"
2026-07-25 02:09:40,732 | INFO | HTTP Request: HEAD https://huggingface.co/api/resolve-cache/models/sentence-transformers/all-MiniLM-L6-v2/1110a243fdf4706b3f48f1d95db1a4f5529b4d41/tokenizer_config.json "HTTP/1.1 200 OK"
2026-07-25 02:09:40,945 | INFO | HTTP Request: GET https://huggingface.co/api/models/sentence-transformers/all-MiniLM-L6-v2/tree/main/additional_chat_templates?recursive=false&expand=false "HTTP/1.1 404 Not Found"
2026-07-25 02:09:41,155 | INFO | HTTP Request: GET https://huggingface.co/api/models/sentence-transformers/all-MiniLM-L6-v2/tree/main?recursive=true&expand=false "HTTP/1.1 200 OK"
2026-07-25 02:09:41,406 | INFO | HTTP Request: HEAD https://huggingface.co/sentence-transformers/all-MiniLM-L6-v2/resolve/main/1_Pooling/config.json "HTTP/1.1 307 Temporary Redirect"
2026-07-25 02:09:41,415 | INFO | HTTP Request: HEAD https://huggingface.co/api/resolve-cache/models/sentence-transformers/all-MiniLM-L6-v2/1110a243fdf4706b3f48f1d95db1a4f5529b4d41/1_Pooling%2Fconfig.json "HTTP/1.1 200 OK"
2026-07-25 02:09:41,627 | INFO | HTTP Request: GET https://huggingface.co/api/models/sentence-transformers/all-MiniLM-L6-v2 "HTTP/1.1 200 OK"
2026-07-25 02:09:41,630 | INFO | Model Loaded : all-MiniLM-L6-v2
2026-07-25 02:09:46,342 | INFO | Domain Filter Applied : Backend Development
2026-07-25 02:09:46,371 | INFO | Top 10 Recommendations Generated
2026-07-25 05:35:26,827 | INFO | ======================================================================
2026-07-25 05:35:26,828 | INFO | Loading Recommendation Engine
2026-07-25 05:35:26,828 | INFO | ======================================================================
2026-07-25 05:35:27,897 | INFO | Dataset Loaded : 6805 internships
2026-07-25 05:35:27,897 | INFO | Embeddings Shape : (6805, 384)
2026-07-25 05:35:40,023 | INFO | ======================================================================
2026-07-25 05:35:40,024 | INFO | Loading Recommendation Engine
2026-07-25 05:35:40,024 | INFO | ======================================================================
2026-07-25 05:35:40,069 | INFO | Dataset Loaded : 6805 internships
2026-07-25 05:35:40,069 | INFO | Embeddings Shape : (6805, 384)
2026-07-25 05:36:22,917 | INFO | ======================================================================
2026-07-25 05:36:22,917 | INFO | Generating Internship Recommendations
2026-07-25 05:36:22,917 | INFO | ======================================================================
2026-07-25 05:36:22,917 | INFO | ============================================================
2026-07-25 05:36:22,918 | INFO | Loading Embedding Model
2026-07-25 05:36:22,918 | INFO | ============================================================
2026-07-25 05:36:22,919 | INFO | No device provided, using cpu
2026-07-25 05:36:23,273 | INFO | HTTP Request: HEAD https://huggingface.co/sentence-transformers/all-MiniLM-L6-v2/resolve/main/modules.json "HTTP/1.1 307 Temporary Redirect"
2026-07-25 05:36:23,283 | INFO | HTTP Request: HEAD https://huggingface.co/api/resolve-cache/models/sentence-transformers/all-MiniLM-L6-v2/1110a243fdf4706b3f48f1d95db1a4f5529b4d41/modules.json "HTTP/1.1 200 OK"
2026-07-25 05:36:23,520 | INFO | HTTP Request: HEAD https://huggingface.co/sentence-transformers/all-MiniLM-L6-v2/resolve/main/config_sentence_transformers.json "HTTP/1.1 307 Temporary Redirect"
2026-07-25 05:36:23,521 | WARNING | Warning: You are sending unauthenticated requests to the HF Hub. Please set a HF_TOKEN to enable higher rate limits and faster downloads.
2026-07-25 05:36:23,532 | INFO | HTTP Request: HEAD https://huggingface.co/api/resolve-cache/models/sentence-transformers/all-MiniLM-L6-v2/1110a243fdf4706b3f48f1d95db1a4f5529b4d41/config_sentence_transformers.json "HTTP/1.1 200 OK"
2026-07-25 05:36:23,534 | INFO | Loading SentenceTransformer model from sentence-transformers/all-MiniLM-L6-v2.
2026-07-25 05:36:23,760 | INFO | HTTP Request: HEAD https://huggingface.co/sentence-transformers/all-MiniLM-L6-v2/resolve/main/config_sentence_transformers.json "HTTP/1.1 307 Temporary Redirect"
2026-07-25 05:36:23,769 | INFO | HTTP Request: HEAD https://huggingface.co/api/resolve-cache/models/sentence-transformers/all-MiniLM-L6-v2/1110a243fdf4706b3f48f1d95db1a4f5529b4d41/config_sentence_transformers.json "HTTP/1.1 200 OK"
2026-07-25 05:36:23,992 | INFO | HTTP Request: HEAD https://huggingface.co/sentence-transformers/all-MiniLM-L6-v2/resolve/main/README.md "HTTP/1.1 307 Temporary Redirect"
2026-07-25 05:36:24,002 | INFO | HTTP Request: HEAD https://huggingface.co/api/resolve-cache/models/sentence-transformers/all-MiniLM-L6-v2/1110a243fdf4706b3f48f1d95db1a4f5529b4d41/README.md "HTTP/1.1 200 OK"
2026-07-25 05:36:24,209 | INFO | HTTP Request: HEAD https://huggingface.co/sentence-transformers/all-MiniLM-L6-v2/resolve/main/modules.json "HTTP/1.1 307 Temporary Redirect"
2026-07-25 05:36:24,220 | INFO | HTTP Request: HEAD https://huggingface.co/api/resolve-cache/models/sentence-transformers/all-MiniLM-L6-v2/1110a243fdf4706b3f48f1d95db1a4f5529b4d41/modules.json "HTTP/1.1 200 OK"
2026-07-25 05:36:24,443 | INFO | HTTP Request: HEAD https://huggingface.co/sentence-transformers/all-MiniLM-L6-v2/resolve/main/sentence_bert_config.json "HTTP/1.1 307 Temporary Redirect"
2026-07-25 05:36:24,453 | INFO | HTTP Request: HEAD https://huggingface.co/api/resolve-cache/models/sentence-transformers/all-MiniLM-L6-v2/1110a243fdf4706b3f48f1d95db1a4f5529b4d41/sentence_bert_config.json "HTTP/1.1 200 OK"
2026-07-25 05:36:24,664 | INFO | HTTP Request: HEAD https://huggingface.co/sentence-transformers/all-MiniLM-L6-v2/resolve/main/adapter_config.json "HTTP/1.1 404 Not Found"
2026-07-25 05:36:24,910 | INFO | HTTP Request: HEAD https://huggingface.co/sentence-transformers/all-MiniLM-L6-v2/resolve/main/config.json "HTTP/1.1 307 Temporary Redirect"
2026-07-25 05:36:24,922 | INFO | HTTP Request: HEAD https://huggingface.co/api/resolve-cache/models/sentence-transformers/all-MiniLM-L6-v2/1110a243fdf4706b3f48f1d95db1a4f5529b4d41/config.json "HTTP/1.1 200 OK"
2026-07-25 05:36:28,923 | INFO | HTTP Request: HEAD https://huggingface.co/sentence-transformers/all-MiniLM-L6-v2/resolve/main/processor_config.json "HTTP/1.1 404 Not Found"
2026-07-25 05:36:29,150 | INFO | HTTP Request: HEAD https://huggingface.co/sentence-transformers/all-MiniLM-L6-v2/resolve/main/preprocessor_config.json "HTTP/1.1 404 Not Found"
2026-07-25 05:36:29,359 | INFO | HTTP Request: HEAD https://huggingface.co/sentence-transformers/all-MiniLM-L6-v2/resolve/main/video_preprocessor_config.json "HTTP/1.1 404 Not Found"
2026-07-25 05:36:29,564 | INFO | HTTP Request: HEAD https://huggingface.co/sentence-transformers/all-MiniLM-L6-v2/resolve/main/preprocessor_config.json "HTTP/1.1 404 Not Found"
2026-07-25 05:36:29,771 | INFO | HTTP Request: HEAD https://huggingface.co/sentence-transformers/all-MiniLM-L6-v2/resolve/main/tokenizer_config.json "HTTP/1.1 307 Temporary Redirect"
2026-07-25 05:36:29,782 | INFO | HTTP Request: HEAD https://huggingface.co/api/resolve-cache/models/sentence-transformers/all-MiniLM-L6-v2/1110a243fdf4706b3f48f1d95db1a4f5529b4d41/tokenizer_config.json "HTTP/1.1 200 OK"
2026-07-25 05:36:29,986 | INFO | HTTP Request: HEAD https://huggingface.co/sentence-transformers/all-MiniLM-L6-v2/resolve/main/config.json "HTTP/1.1 307 Temporary Redirect"
2026-07-25 05:36:29,996 | INFO | HTTP Request: HEAD https://huggingface.co/api/resolve-cache/models/sentence-transformers/all-MiniLM-L6-v2/1110a243fdf4706b3f48f1d95db1a4f5529b4d41/config.json "HTTP/1.1 200 OK"
2026-07-25 05:36:30,204 | INFO | HTTP Request: HEAD https://huggingface.co/sentence-transformers/all-MiniLM-L6-v2/resolve/main/config.json "HTTP/1.1 307 Temporary Redirect"
2026-07-25 05:36:30,212 | INFO | HTTP Request: HEAD https://huggingface.co/api/resolve-cache/models/sentence-transformers/all-MiniLM-L6-v2/1110a243fdf4706b3f48f1d95db1a4f5529b4d41/config.json "HTTP/1.1 200 OK"
2026-07-25 05:36:30,437 | INFO | HTTP Request: HEAD https://huggingface.co/sentence-transformers/all-MiniLM-L6-v2/resolve/main/tokenizer_config.json "HTTP/1.1 307 Temporary Redirect"
2026-07-25 05:36:30,446 | INFO | HTTP Request: HEAD https://huggingface.co/api/resolve-cache/models/sentence-transformers/all-MiniLM-L6-v2/1110a243fdf4706b3f48f1d95db1a4f5529b4d41/tokenizer_config.json "HTTP/1.1 200 OK"
2026-07-25 05:36:30,658 | INFO | HTTP Request: GET https://huggingface.co/api/models/sentence-transformers/all-MiniLM-L6-v2/tree/main/additional_chat_templates?recursive=false&expand=false "HTTP/1.1 404 Not Found"
2026-07-25 05:36:30,879 | INFO | HTTP Request: GET https://huggingface.co/api/models/sentence-transformers/all-MiniLM-L6-v2/tree/main?recursive=true&expand=false "HTTP/1.1 200 OK"
2026-07-25 05:36:31,197 | INFO | HTTP Request: HEAD https://huggingface.co/sentence-transformers/all-MiniLM-L6-v2/resolve/main/1_Pooling/config.json "HTTP/1.1 307 Temporary Redirect"
2026-07-25 05:36:31,210 | INFO | HTTP Request: HEAD https://huggingface.co/api/resolve-cache/models/sentence-transformers/all-MiniLM-L6-v2/1110a243fdf4706b3f48f1d95db1a4f5529b4d41/1_Pooling%2Fconfig.json "HTTP/1.1 200 OK"
2026-07-25 05:36:31,437 | INFO | HTTP Request: GET https://huggingface.co/api/models/sentence-transformers/all-MiniLM-L6-v2 "HTTP/1.1 200 OK"
2026-07-25 05:36:31,441 | INFO | Model Loaded : all-MiniLM-L6-v2
2026-07-25 05:36:36,900 | INFO | Domain Filter Applied : Backend Development
2026-07-25 05:36:36,930 | INFO | Top 10 Recommendations Generated
2026-07-25 05:44:25,829 | INFO | ======================================================================
2026-07-25 05:44:25,829 | INFO | Loading Recommendation Engine
2026-07-25 05:44:25,829 | INFO | ======================================================================
2026-07-25 05:44:25,875 | INFO | Dataset Loaded : 6805 internships
2026-07-25 05:44:25,875 | INFO | Embeddings Shape : (6805, 384)
2026-07-25 05:45:03,690 | INFO | ======================================================================
2026-07-25 05:45:03,690 | INFO | Generating Internship Recommendations
2026-07-25 05:45:03,690 | INFO | ======================================================================
2026-07-25 05:45:03,691 | INFO | ============================================================
2026-07-25 05:45:03,691 | INFO | Loading Embedding Model
2026-07-25 05:45:03,691 | INFO | ============================================================
2026-07-25 05:45:03,692 | INFO | No device provided, using cpu
2026-07-25 05:45:03,957 | INFO | HTTP Request: HEAD https://huggingface.co/sentence-transformers/all-MiniLM-L6-v2/resolve/main/modules.json "HTTP/1.1 307 Temporary Redirect"
2026-07-25 05:45:03,967 | INFO | HTTP Request: HEAD https://huggingface.co/api/resolve-cache/models/sentence-transformers/all-MiniLM-L6-v2/1110a243fdf4706b3f48f1d95db1a4f5529b4d41/modules.json "HTTP/1.1 200 OK"
2026-07-25 05:45:04,171 | INFO | HTTP Request: HEAD https://huggingface.co/sentence-transformers/all-MiniLM-L6-v2/resolve/main/config_sentence_transformers.json "HTTP/1.1 307 Temporary Redirect"
2026-07-25 05:45:04,173 | WARNING | Warning: You are sending unauthenticated requests to the HF Hub. Please set a HF_TOKEN to enable higher rate limits and faster downloads.
2026-07-25 05:45:04,182 | INFO | HTTP Request: HEAD https://huggingface.co/api/resolve-cache/models/sentence-transformers/all-MiniLM-L6-v2/1110a243fdf4706b3f48f1d95db1a4f5529b4d41/config_sentence_transformers.json "HTTP/1.1 200 OK"
2026-07-25 05:45:04,183 | INFO | Loading SentenceTransformer model from sentence-transformers/all-MiniLM-L6-v2.
2026-07-25 05:45:04,406 | INFO | HTTP Request: HEAD https://huggingface.co/sentence-transformers/all-MiniLM-L6-v2/resolve/main/config_sentence_transformers.json "HTTP/1.1 307 Temporary Redirect"
2026-07-25 05:45:04,416 | INFO | HTTP Request: HEAD https://huggingface.co/api/resolve-cache/models/sentence-transformers/all-MiniLM-L6-v2/1110a243fdf4706b3f48f1d95db1a4f5529b4d41/config_sentence_transformers.json "HTTP/1.1 200 OK"
2026-07-25 05:45:04,619 | INFO | HTTP Request: HEAD https://huggingface.co/sentence-transformers/all-MiniLM-L6-v2/resolve/main/README.md "HTTP/1.1 307 Temporary Redirect"
2026-07-25 05:45:04,630 | INFO | HTTP Request: HEAD https://huggingface.co/api/resolve-cache/models/sentence-transformers/all-MiniLM-L6-v2/1110a243fdf4706b3f48f1d95db1a4f5529b4d41/README.md "HTTP/1.1 200 OK"
2026-07-25 05:45:04,834 | INFO | HTTP Request: HEAD https://huggingface.co/sentence-transformers/all-MiniLM-L6-v2/resolve/main/modules.json "HTTP/1.1 307 Temporary Redirect"
2026-07-25 05:45:04,844 | INFO | HTTP Request: HEAD https://huggingface.co/api/resolve-cache/models/sentence-transformers/all-MiniLM-L6-v2/1110a243fdf4706b3f48f1d95db1a4f5529b4d41/modules.json "HTTP/1.1 200 OK"
2026-07-25 05:45:05,050 | INFO | HTTP Request: HEAD https://huggingface.co/sentence-transformers/all-MiniLM-L6-v2/resolve/main/sentence_bert_config.json "HTTP/1.1 307 Temporary Redirect"
2026-07-25 05:45:05,060 | INFO | HTTP Request: HEAD https://huggingface.co/api/resolve-cache/models/sentence-transformers/all-MiniLM-L6-v2/1110a243fdf4706b3f48f1d95db1a4f5529b4d41/sentence_bert_config.json "HTTP/1.1 200 OK"
2026-07-25 05:45:05,271 | INFO | HTTP Request: HEAD https://huggingface.co/sentence-transformers/all-MiniLM-L6-v2/resolve/main/adapter_config.json "HTTP/1.1 404 Not Found"
2026-07-25 05:45:05,479 | INFO | HTTP Request: HEAD https://huggingface.co/sentence-transformers/all-MiniLM-L6-v2/resolve/main/config.json "HTTP/1.1 307 Temporary Redirect"
2026-07-25 05:45:05,490 | INFO | HTTP Request: HEAD https://huggingface.co/api/resolve-cache/models/sentence-transformers/all-MiniLM-L6-v2/1110a243fdf4706b3f48f1d95db1a4f5529b4d41/config.json "HTTP/1.1 200 OK"
2026-07-25 05:45:05,876 | INFO | HTTP Request: HEAD https://huggingface.co/sentence-transformers/all-MiniLM-L6-v2/resolve/main/processor_config.json "HTTP/1.1 404 Not Found"
2026-07-25 05:45:06,085 | INFO | HTTP Request: HEAD https://huggingface.co/sentence-transformers/all-MiniLM-L6-v2/resolve/main/preprocessor_config.json "HTTP/1.1 404 Not Found"
2026-07-25 05:45:06,299 | INFO | HTTP Request: HEAD https://huggingface.co/sentence-transformers/all-MiniLM-L6-v2/resolve/main/video_preprocessor_config.json "HTTP/1.1 404 Not Found"
2026-07-25 05:45:06,505 | INFO | HTTP Request: HEAD https://huggingface.co/sentence-transformers/all-MiniLM-L6-v2/resolve/main/preprocessor_config.json "HTTP/1.1 404 Not Found"
2026-07-25 05:45:06,715 | INFO | HTTP Request: HEAD https://huggingface.co/sentence-transformers/all-MiniLM-L6-v2/resolve/main/tokenizer_config.json "HTTP/1.1 307 Temporary Redirect"
2026-07-25 05:45:06,726 | INFO | HTTP Request: HEAD https://huggingface.co/api/resolve-cache/models/sentence-transformers/all-MiniLM-L6-v2/1110a243fdf4706b3f48f1d95db1a4f5529b4d41/tokenizer_config.json "HTTP/1.1 200 OK"
2026-07-25 05:45:06,948 | INFO | HTTP Request: HEAD https://huggingface.co/sentence-transformers/all-MiniLM-L6-v2/resolve/main/config.json "HTTP/1.1 307 Temporary Redirect"
2026-07-25 05:45:06,957 | INFO | HTTP Request: HEAD https://huggingface.co/api/resolve-cache/models/sentence-transformers/all-MiniLM-L6-v2/1110a243fdf4706b3f48f1d95db1a4f5529b4d41/config.json "HTTP/1.1 200 OK"
2026-07-25 05:45:07,165 | INFO | HTTP Request: HEAD https://huggingface.co/sentence-transformers/all-MiniLM-L6-v2/resolve/main/config.json "HTTP/1.1 307 Temporary Redirect"
2026-07-25 05:45:07,176 | INFO | HTTP Request: HEAD https://huggingface.co/api/resolve-cache/models/sentence-transformers/all-MiniLM-L6-v2/1110a243fdf4706b3f48f1d95db1a4f5529b4d41/config.json "HTTP/1.1 200 OK"
2026-07-25 05:45:07,383 | INFO | HTTP Request: HEAD https://huggingface.co/sentence-transformers/all-MiniLM-L6-v2/resolve/main/tokenizer_config.json "HTTP/1.1 307 Temporary Redirect"
2026-07-25 05:45:07,396 | INFO | HTTP Request: HEAD https://huggingface.co/api/resolve-cache/models/sentence-transformers/all-MiniLM-L6-v2/1110a243fdf4706b3f48f1d95db1a4f5529b4d41/tokenizer_config.json "HTTP/1.1 200 OK"
2026-07-25 05:45:07,615 | INFO | HTTP Request: GET https://huggingface.co/api/models/sentence-transformers/all-MiniLM-L6-v2/tree/main/additional_chat_templates?recursive=false&expand=false "HTTP/1.1 404 Not Found"
2026-07-25 05:45:07,826 | INFO | HTTP Request: GET https://huggingface.co/api/models/sentence-transformers/all-MiniLM-L6-v2/tree/main?recursive=true&expand=false "HTTP/1.1 200 OK"
2026-07-25 05:45:08,094 | INFO | HTTP Request: HEAD https://huggingface.co/sentence-transformers/all-MiniLM-L6-v2/resolve/main/1_Pooling/config.json "HTTP/1.1 307 Temporary Redirect"
2026-07-25 05:45:08,104 | INFO | HTTP Request: HEAD https://huggingface.co/api/resolve-cache/models/sentence-transformers/all-MiniLM-L6-v2/1110a243fdf4706b3f48f1d95db1a4f5529b4d41/1_Pooling%2Fconfig.json "HTTP/1.1 200 OK"
2026-07-25 05:45:08,321 | INFO | HTTP Request: GET https://huggingface.co/api/models/sentence-transformers/all-MiniLM-L6-v2 "HTTP/1.1 200 OK"
2026-07-25 05:45:08,328 | INFO | Model Loaded : all-MiniLM-L6-v2
2026-07-25 05:45:08,421 | INFO | Domain Filter Applied : Backend Development
2026-07-25 05:45:08,449 | INFO | Top 10 Recommendations Generated
2026-07-25 05:46:35,976 | INFO | ======================================================================
2026-07-25 05:46:35,976 | INFO | Generating Internship Recommendations
2026-07-25 05:46:35,977 | INFO | ======================================================================
2026-07-25 05:46:36,054 | INFO | Domain Filter Applied : Backend Development
2026-07-25 05:46:36,085 | INFO | Top 10 Recommendations Generated
2026-07-25 05:46:42,155 | INFO | ======================================================================
2026-07-25 05:46:42,155 | INFO | Generating Internship Recommendations
2026-07-25 05:46:42,155 | INFO | ======================================================================
2026-07-25 05:46:42,241 | INFO | Domain Filter Applied : Backend Development
2026-07-25 05:46:42,267 | INFO | Top 10 Recommendations Generated
2026-07-31 11:27:53,679 | INFO | ============================================================
2026-07-31 11:27:53,680 | INFO | Loading Dataset
2026-07-31 11:27:53,680 | INFO | ============================================================
2026-08-01 17:01:39,331 | INFO | ============================================================
2026-08-01 17:01:39,332 | INFO | Loading Dataset
2026-08-01 17:01:39,333 | INFO | ============================================================
2026-08-01 17:03:25,976 | INFO | ============================================================
2026-08-01 17:03:25,977 | INFO | Loading Dataset
2026-08-01 17:03:25,977 | INFO | ============================================================
2026-08-01 17:05:32,578 | INFO | ============================================================
2026-08-01 17:05:32,578 | INFO | Loading Dataset
2026-08-01 17:05:32,579 | INFO | ============================================================
2026-08-01 17:05:32,699 | INFO | Records : 6805
2026-08-01 17:05:32,700 | INFO | ============================================================
2026-08-01 17:05:32,700 | INFO | Preparing Dataset
2026-08-01 17:05:32,701 | INFO | ============================================================
2026-08-01 17:05:33,296 | INFO | ============================================================
2026-08-01 17:05:33,297 | INFO | Training Models
2026-08-01 17:05:33,297 | INFO | ============================================================
2026-08-01 17:05:33,297 | INFO | Training Logistic Regression
2026-08-01 17:05:36,658 | INFO | Training Random Forest
2026-08-01 17:05:42,376 | INFO | Training XGBoost
2026-08-01 17:09:38,993 | INFO | ============================================================
2026-08-01 17:09:38,994 | INFO | Evaluating Models
2026-08-01 17:09:38,995 | INFO | ============================================================
2026-08-01 17:13:45,828 | INFO | ============================================================
2026-08-01 17:13:45,829 | INFO | Saving Best Model
2026-08-01 17:13:45,829 | INFO | ============================================================
2026-08-01 17:13:46,210 | INFO | Best Model : XGBoost
2026-08-01 17:13:46,210 | INFO | ============================================================
2026-08-01 17:13:46,211 | INFO | Training Completed
2026-08-01 17:13:46,211 | INFO | ============================================================
2026-08-01 18:10:46,433 | INFO | ======================================================================
2026-08-01 18:10:46,434 | INFO | Loading Recommendation Engine
2026-08-01 18:10:46,434 | INFO | ======================================================================
2026-08-01 18:10:46,544 | INFO | Dataset Loaded : 6805 internships
2026-08-01 18:10:46,544 | INFO | Embeddings Shape : (6805, 384)
2026-08-01 18:12:31,042 | INFO | ======================================================================
2026-08-01 18:12:31,043 | INFO | Generating Internship Recommendations
2026-08-01 18:12:31,044 | INFO | ======================================================================
2026-08-01 18:12:31,044 | INFO | ============================================================
2026-08-01 18:12:31,045 | INFO | Loading Embedding Model
2026-08-01 18:12:31,045 | INFO | ============================================================
2026-08-01 18:12:31,057 | INFO | No device provided, using cpu
2026-08-01 18:12:32,550 | INFO | HTTP Request: HEAD https://huggingface.co/sentence-transformers/all-MiniLM-L6-v2/resolve/main/modules.json "HTTP/1.1 307 Temporary Redirect"
2026-08-01 18:12:32,552 | WARNING | Warning: You are sending unauthenticated requests to the HF Hub. Please set a HF_TOKEN to enable higher rate limits and faster downloads.
2026-08-01 18:12:32,783 | INFO | HTTP Request: HEAD https://huggingface.co/api/resolve-cache/models/sentence-transformers/all-MiniLM-L6-v2/1110a243fdf4706b3f48f1d95db1a4f5529b4d41/modules.json "HTTP/1.1 200 OK"
2026-08-01 18:12:33,216 | INFO | HTTP Request: HEAD https://huggingface.co/sentence-transformers/all-MiniLM-L6-v2/resolve/main/config_sentence_transformers.json "HTTP/1.1 307 Temporary Redirect"
2026-08-01 18:12:33,389 | INFO | HTTP Request: HEAD https://huggingface.co/api/resolve-cache/models/sentence-transformers/all-MiniLM-L6-v2/1110a243fdf4706b3f48f1d95db1a4f5529b4d41/config_sentence_transformers.json "HTTP/1.1 200 OK"
2026-08-01 18:12:33,394 | INFO | Loading SentenceTransformer model from sentence-transformers/all-MiniLM-L6-v2.
2026-08-01 18:12:33,719 | INFO | HTTP Request: HEAD https://huggingface.co/sentence-transformers/all-MiniLM-L6-v2/resolve/main/config_sentence_transformers.json "HTTP/1.1 307 Temporary Redirect"
2026-08-01 18:12:33,834 | INFO | HTTP Request: HEAD https://huggingface.co/api/resolve-cache/models/sentence-transformers/all-MiniLM-L6-v2/1110a243fdf4706b3f48f1d95db1a4f5529b4d41/config_sentence_transformers.json "HTTP/1.1 200 OK"
2026-08-01 18:12:34,070 | INFO | HTTP Request: HEAD https://huggingface.co/sentence-transformers/all-MiniLM-L6-v2/resolve/main/README.md "HTTP/1.1 307 Temporary Redirect"
2026-08-01 18:12:34,137 | INFO | HTTP Request: HEAD https://huggingface.co/api/resolve-cache/models/sentence-transformers/all-MiniLM-L6-v2/1110a243fdf4706b3f48f1d95db1a4f5529b4d41/README.md "HTTP/1.1 200 OK"
2026-08-01 18:12:34,433 | INFO | HTTP Request: HEAD https://huggingface.co/sentence-transformers/all-MiniLM-L6-v2/resolve/main/modules.json "HTTP/1.1 307 Temporary Redirect"
2026-08-01 18:12:34,487 | INFO | HTTP Request: HEAD https://huggingface.co/api/resolve-cache/models/sentence-transformers/all-MiniLM-L6-v2/1110a243fdf4706b3f48f1d95db1a4f5529b4d41/modules.json "HTTP/1.1 200 OK"
2026-08-01 18:12:34,722 | INFO | HTTP Request: HEAD https://huggingface.co/sentence-transformers/all-MiniLM-L6-v2/resolve/main/sentence_bert_config.json "HTTP/1.1 307 Temporary Redirect"
2026-08-01 18:12:34,775 | INFO | HTTP Request: HEAD https://huggingface.co/api/resolve-cache/models/sentence-transformers/all-MiniLM-L6-v2/1110a243fdf4706b3f48f1d95db1a4f5529b4d41/sentence_bert_config.json "HTTP/1.1 200 OK"
2026-08-01 18:12:35,011 | INFO | HTTP Request: HEAD https://huggingface.co/sentence-transformers/all-MiniLM-L6-v2/resolve/main/adapter_config.json "HTTP/1.1 404 Not Found"
2026-08-01 18:12:35,259 | INFO | HTTP Request: HEAD https://huggingface.co/sentence-transformers/all-MiniLM-L6-v2/resolve/main/config.json "HTTP/1.1 307 Temporary Redirect"
2026-08-01 18:12:35,702 | INFO | HTTP Request: HEAD https://huggingface.co/api/resolve-cache/models/sentence-transformers/all-MiniLM-L6-v2/1110a243fdf4706b3f48f1d95db1a4f5529b4d41/config.json "HTTP/1.1 200 OK"
2026-08-01 18:12:36,827 | INFO | HTTP Request: HEAD https://huggingface.co/sentence-transformers/all-MiniLM-L6-v2/resolve/main/processor_config.json "HTTP/1.1 404 Not Found"
2026-08-01 18:12:37,081 | INFO | HTTP Request: HEAD https://huggingface.co/sentence-transformers/all-MiniLM-L6-v2/resolve/main/preprocessor_config.json "HTTP/1.1 404 Not Found"
2026-08-01 18:12:37,490 | INFO | HTTP Request: HEAD https://huggingface.co/sentence-transformers/all-MiniLM-L6-v2/resolve/main/video_preprocessor_config.json "HTTP/1.1 404 Not Found"
2026-08-01 18:12:37,812 | INFO | HTTP Request: HEAD https://huggingface.co/sentence-transformers/all-MiniLM-L6-v2/resolve/main/preprocessor_config.json "HTTP/1.1 404 Not Found"
2026-08-01 18:12:38,117 | INFO | HTTP Request: HEAD https://huggingface.co/sentence-transformers/all-MiniLM-L6-v2/resolve/main/tokenizer_config.json "HTTP/1.1 307 Temporary Redirect"
2026-08-01 18:12:38,237 | INFO | HTTP Request: HEAD https://huggingface.co/api/resolve-cache/models/sentence-transformers/all-MiniLM-L6-v2/1110a243fdf4706b3f48f1d95db1a4f5529b4d41/tokenizer_config.json "HTTP/1.1 200 OK"
2026-08-01 18:12:38,957 | INFO | HTTP Request: HEAD https://huggingface.co/sentence-transformers/all-MiniLM-L6-v2/resolve/main/config.json "HTTP/1.1 307 Temporary Redirect"
2026-08-01 18:12:38,992 | INFO | HTTP Request: HEAD https://huggingface.co/api/resolve-cache/models/sentence-transformers/all-MiniLM-L6-v2/1110a243fdf4706b3f48f1d95db1a4f5529b4d41/config.json "HTTP/1.1 200 OK"
2026-08-01 18:12:39,350 | INFO | HTTP Request: HEAD https://huggingface.co/sentence-transformers/all-MiniLM-L6-v2/resolve/main/config.json "HTTP/1.1 307 Temporary Redirect"
2026-08-01 18:12:39,586 | INFO | HTTP Request: HEAD https://huggingface.co/api/resolve-cache/models/sentence-transformers/all-MiniLM-L6-v2/1110a243fdf4706b3f48f1d95db1a4f5529b4d41/config.json "HTTP/1.1 200 OK"
2026-08-01 18:12:39,966 | INFO | HTTP Request: HEAD https://huggingface.co/sentence-transformers/all-MiniLM-L6-v2/resolve/main/tokenizer_config.json "HTTP/1.1 307 Temporary Redirect"
2026-08-01 18:12:40,717 | INFO | HTTP Request: HEAD https://huggingface.co/api/resolve-cache/models/sentence-transformers/all-MiniLM-L6-v2/1110a243fdf4706b3f48f1d95db1a4f5529b4d41/tokenizer_config.json "HTTP/1.1 200 OK"
2026-08-01 18:12:41,184 | INFO | HTTP Request: GET https://huggingface.co/api/models/sentence-transformers/all-MiniLM-L6-v2/tree/main/additional_chat_templates?recursive=false&expand=false "HTTP/1.1 404 Not Found"
2026-08-01 18:12:41,499 | INFO | HTTP Request: GET https://huggingface.co/api/models/sentence-transformers/all-MiniLM-L6-v2/tree/main?recursive=true&expand=false "HTTP/1.1 200 OK"
2026-08-01 18:12:42,115 | INFO | HTTP Request: HEAD https://huggingface.co/sentence-transformers/all-MiniLM-L6-v2/resolve/main/1_Pooling/config.json "HTTP/1.1 307 Temporary Redirect"
2026-08-01 18:12:42,778 | INFO | HTTP Request: HEAD https://huggingface.co/api/resolve-cache/models/sentence-transformers/all-MiniLM-L6-v2/1110a243fdf4706b3f48f1d95db1a4f5529b4d41/1_Pooling%2Fconfig.json "HTTP/1.1 200 OK"
2026-08-01 18:12:43,035 | INFO | HTTP Request: GET https://huggingface.co/api/models/sentence-transformers/all-MiniLM-L6-v2 "HTTP/1.1 200 OK"
2026-08-01 18:12:43,040 | INFO | Model Loaded : all-MiniLM-L6-v2
2026-08-01 18:12:43,228 | INFO | Domain Filter Applied : Backend Development
2026-08-01 18:12:43,267 | INFO | Top 10 Recommendations Generated
2026-08-01 18:25:28,461 | INFO | ======================================================================
2026-08-01 18:25:28,462 | INFO | Loading Recommendation Engine
2026-08-01 18:25:28,463 | INFO | ======================================================================
2026-08-01 18:25:28,595 | INFO | Dataset Loaded : 6805 internships
2026-08-01 18:25:28,595 | INFO | Embeddings Shape : (6805, 384)
2026-08-01 19:24:19,003 | INFO | ======================================================================
2026-08-01 19:24:19,004 | INFO | Loading Recommendation Engine
2026-08-01 19:24:19,005 | INFO | ======================================================================
2026-08-01 19:24:19,291 | INFO | Dataset Loaded : 6805 internships
2026-08-01 19:24:19,292 | INFO | Embeddings Shape : (6805, 384)
2026-08-01 19:26:18,474 | INFO | ======================================================================
2026-08-01 19:26:18,474 | INFO | Generating Internship Recommendations
2026-08-01 19:26:18,475 | INFO | ======================================================================
2026-08-01 19:26:18,476 | INFO | ============================================================
2026-08-01 19:26:18,476 | INFO | Loading Embedding Model
2026-08-01 19:26:18,476 | INFO | ============================================================
2026-08-01 19:26:18,488 | INFO | No device provided, using cpu
2026-08-01 19:26:28,342 | INFO | HTTP Request: HEAD https://huggingface.co/sentence-transformers/all-MiniLM-L6-v2/resolve/main/modules.json "HTTP/1.1 307 Temporary Redirect"
2026-08-01 19:26:28,343 | WARNING | Warning: You are sending unauthenticated requests to the HF Hub. Please set a HF_TOKEN to enable higher rate limits and faster downloads.
2026-08-01 19:26:35,191 | INFO | HTTP Request: HEAD https://huggingface.co/api/resolve-cache/models/sentence-transformers/all-MiniLM-L6-v2/1110a243fdf4706b3f48f1d95db1a4f5529b4d41/modules.json "HTTP/1.1 200 OK"
2026-08-01 19:26:45,211 | INFO | Loading SentenceTransformer model from sentence-transformers/all-MiniLM-L6-v2.
2026-08-01 19:27:08,126 | INFO | HTTP Request: HEAD https://huggingface.co/sentence-transformers/all-MiniLM-L6-v2/resolve/main/adapter_config.json "HTTP/1.1 404 Not Found"
2026-08-01 19:27:13,628 | INFO | HTTP Request: HEAD https://huggingface.co/sentence-transformers/all-MiniLM-L6-v2/resolve/main/config.json "HTTP/1.1 307 Temporary Redirect"
2026-08-01 19:27:27,224 | INFO | HTTP Request: HEAD https://huggingface.co/sentence-transformers/all-MiniLM-L6-v2/resolve/main/processor_config.json "HTTP/1.1 404 Not Found"
2026-08-01 19:27:27,739 | INFO | HTTP Request: HEAD https://huggingface.co/sentence-transformers/all-MiniLM-L6-v2/resolve/main/preprocessor_config.json "HTTP/1.1 404 Not Found"
2026-08-01 19:27:28,057 | INFO | HTTP Request: HEAD https://huggingface.co/sentence-transformers/all-MiniLM-L6-v2/resolve/main/video_preprocessor_config.json "HTTP/1.1 404 Not Found"
2026-08-01 19:27:28,555 | INFO | HTTP Request: HEAD https://huggingface.co/sentence-transformers/all-MiniLM-L6-v2/resolve/main/preprocessor_config.json "HTTP/1.1 404 Not Found"
2026-08-01 19:27:28,995 | INFO | HTTP Request: HEAD https://huggingface.co/sentence-transformers/all-MiniLM-L6-v2/resolve/main/tokenizer_config.json "HTTP/1.1 307 Temporary Redirect"
2026-08-01 19:27:29,083 | INFO | HTTP Request: HEAD https://huggingface.co/api/resolve-cache/models/sentence-transformers/all-MiniLM-L6-v2/1110a243fdf4706b3f48f1d95db1a4f5529b4d41/tokenizer_config.json "HTTP/1.1 200 OK"
2026-08-01 19:27:29,580 | INFO | HTTP Request: HEAD https://huggingface.co/sentence-transformers/all-MiniLM-L6-v2/resolve/main/config.json "HTTP/1.1 307 Temporary Redirect"
2026-08-01 19:27:29,680 | INFO | HTTP Request: HEAD https://huggingface.co/api/resolve-cache/models/sentence-transformers/all-MiniLM-L6-v2/1110a243fdf4706b3f48f1d95db1a4f5529b4d41/config.json "HTTP/1.1 200 OK"
2026-08-01 19:27:30,195 | INFO | HTTP Request: HEAD https://huggingface.co/sentence-transformers/all-MiniLM-L6-v2/resolve/main/config.json "HTTP/1.1 307 Temporary Redirect"
2026-08-01 19:27:30,294 | INFO | HTTP Request: HEAD https://huggingface.co/api/resolve-cache/models/sentence-transformers/all-MiniLM-L6-v2/1110a243fdf4706b3f48f1d95db1a4f5529b4d41/config.json "HTTP/1.1 200 OK"
2026-08-01 19:27:31,555 | INFO | HTTP Request: HEAD https://huggingface.co/sentence-transformers/all-MiniLM-L6-v2/resolve/main/tokenizer_config.json "HTTP/1.1 307 Temporary Redirect"
2026-08-01 19:27:31,836 | INFO | HTTP Request: HEAD https://huggingface.co/api/resolve-cache/models/sentence-transformers/all-MiniLM-L6-v2/1110a243fdf4706b3f48f1d95db1a4f5529b4d41/tokenizer_config.json "HTTP/1.1 200 OK"
2026-08-01 19:27:33,058 | INFO | HTTP Request: GET https://huggingface.co/api/models/sentence-transformers/all-MiniLM-L6-v2/tree/main/additional_chat_templates?recursive=false&expand=false "HTTP/1.1 404 Not Found"
2026-08-01 19:27:33,468 | INFO | HTTP Request: GET https://huggingface.co/api/models/sentence-transformers/all-MiniLM-L6-v2/tree/main?recursive=true&expand=false "HTTP/1.1 200 OK"
2026-08-01 19:27:33,984 | INFO | HTTP Request: HEAD https://huggingface.co/sentence-transformers/all-MiniLM-L6-v2/resolve/main/1_Pooling/config.json "HTTP/1.1 307 Temporary Redirect"
2026-08-01 19:27:34,085 | INFO | HTTP Request: HEAD https://huggingface.co/api/resolve-cache/models/sentence-transformers/all-MiniLM-L6-v2/1110a243fdf4706b3f48f1d95db1a4f5529b4d41/1_Pooling%2Fconfig.json "HTTP/1.1 200 OK"
2026-08-01 19:27:40,536 | INFO | HTTP Request: GET https://huggingface.co/api/models/sentence-transformers/all-MiniLM-L6-v2 "HTTP/1.1 200 OK"
2026-08-01 19:27:40,562 | INFO | Model Loaded : all-MiniLM-L6-v2
2026-08-01 19:27:40,981 | INFO | Domain Filter Applied : Backend Development
2026-08-01 19:27:41,024 | INFO | Top 10 Recommendations Generated
2026-08-01 19:52:11,004 | INFO | ======================================================================
2026-08-01 19:52:11,005 | INFO | Loading Recommendation Engine
2026-08-01 19:52:11,005 | INFO | ======================================================================
2026-08-01 19:52:11,125 | INFO | Dataset Loaded : 6805 internships
2026-08-01 19:52:11,125 | INFO | Embeddings Shape : (6805, 384)
2026-08-01 19:54:53,479 | INFO | ======================================================================
2026-08-01 19:54:53,480 | INFO | Generating Internship Recommendations
2026-08-01 19:54:53,481 | INFO | ======================================================================
2026-08-01 19:54:53,482 | INFO | ============================================================
2026-08-01 19:54:53,482 | INFO | Loading Embedding Model
2026-08-01 19:54:53,483 | INFO | ============================================================
2026-08-01 19:54:53,496 | INFO | No device provided, using cpu
2026-08-01 19:54:53,979 | INFO | HTTP Request: HEAD https://huggingface.co/sentence-transformers/all-MiniLM-L6-v2/resolve/main/modules.json "HTTP/1.1 307 Temporary Redirect"
2026-08-01 19:54:53,982 | WARNING | Warning: You are sending unauthenticated requests to the HF Hub. Please set a HF_TOKEN to enable higher rate limits and faster downloads.
2026-08-01 19:54:53,992 | INFO | HTTP Request: HEAD https://huggingface.co/api/resolve-cache/models/sentence-transformers/all-MiniLM-L6-v2/1110a243fdf4706b3f48f1d95db1a4f5529b4d41/modules.json "HTTP/1.1 200 OK"
2026-08-01 19:54:54,224 | INFO | HTTP Request: HEAD https://huggingface.co/sentence-transformers/all-MiniLM-L6-v2/resolve/main/config_sentence_transformers.json "HTTP/1.1 307 Temporary Redirect"
2026-08-01 19:54:54,263 | INFO | HTTP Request: HEAD https://huggingface.co/api/resolve-cache/models/sentence-transformers/all-MiniLM-L6-v2/1110a243fdf4706b3f48f1d95db1a4f5529b4d41/config_sentence_transformers.json "HTTP/1.1 200 OK"
2026-08-01 19:54:54,268 | INFO | Loading SentenceTransformer model from sentence-transformers/all-MiniLM-L6-v2.
2026-08-01 19:54:54,550 | INFO | HTTP Request: HEAD https://huggingface.co/sentence-transformers/all-MiniLM-L6-v2/resolve/main/config_sentence_transformers.json "HTTP/1.1 307 Temporary Redirect"
2026-08-01 19:54:54,567 | INFO | HTTP Request: HEAD https://huggingface.co/api/resolve-cache/models/sentence-transformers/all-MiniLM-L6-v2/1110a243fdf4706b3f48f1d95db1a4f5529b4d41/config_sentence_transformers.json "HTTP/1.1 200 OK"
2026-08-01 19:54:54,799 | INFO | HTTP Request: HEAD https://huggingface.co/sentence-transformers/all-MiniLM-L6-v2/resolve/main/README.md "HTTP/1.1 307 Temporary Redirect"
2026-08-01 19:54:54,809 | INFO | HTTP Request: HEAD https://huggingface.co/api/resolve-cache/models/sentence-transformers/all-MiniLM-L6-v2/1110a243fdf4706b3f48f1d95db1a4f5529b4d41/README.md "HTTP/1.1 200 OK"
2026-08-01 19:54:55,056 | INFO | HTTP Request: HEAD https://huggingface.co/sentence-transformers/all-MiniLM-L6-v2/resolve/main/modules.json "HTTP/1.1 307 Temporary Redirect"
2026-08-01 19:54:55,068 | INFO | HTTP Request: HEAD https://huggingface.co/api/resolve-cache/models/sentence-transformers/all-MiniLM-L6-v2/1110a243fdf4706b3f48f1d95db1a4f5529b4d41/modules.json "HTTP/1.1 200 OK"
2026-08-01 19:54:55,690 | INFO | HTTP Request: HEAD https://huggingface.co/sentence-transformers/all-MiniLM-L6-v2/resolve/main/sentence_bert_config.json "HTTP/1.1 307 Temporary Redirect"
2026-08-01 19:54:55,702 | INFO | HTTP Request: HEAD https://huggingface.co/api/resolve-cache/models/sentence-transformers/all-MiniLM-L6-v2/1110a243fdf4706b3f48f1d95db1a4f5529b4d41/sentence_bert_config.json "HTTP/1.1 200 OK"
2026-08-01 19:54:55,979 | INFO | HTTP Request: HEAD https://huggingface.co/sentence-transformers/all-MiniLM-L6-v2/resolve/main/adapter_config.json "HTTP/1.1 404 Not Found"
2026-08-01 19:54:56,664 | INFO | HTTP Request: HEAD https://huggingface.co/sentence-transformers/all-MiniLM-L6-v2/resolve/main/config.json "HTTP/1.1 307 Temporary Redirect"
2026-08-01 19:54:56,934 | INFO | HTTP Request: HEAD https://huggingface.co/api/resolve-cache/models/sentence-transformers/all-MiniLM-L6-v2/1110a243fdf4706b3f48f1d95db1a4f5529b4d41/config.json "HTTP/1.1 200 OK"
2026-08-01 19:54:57,896 | INFO | HTTP Request: HEAD https://huggingface.co/sentence-transformers/all-MiniLM-L6-v2/resolve/main/processor_config.json "HTTP/1.1 404 Not Found"
2026-08-01 19:54:58,511 | INFO | HTTP Request: HEAD https://huggingface.co/sentence-transformers/all-MiniLM-L6-v2/resolve/main/preprocessor_config.json "HTTP/1.1 404 Not Found"
2026-08-01 19:54:59,247 | INFO | HTTP Request: HEAD https://huggingface.co/sentence-transformers/all-MiniLM-L6-v2/resolve/main/video_preprocessor_config.json "HTTP/1.1 404 Not Found"
2026-08-01 19:54:59,515 | INFO | HTTP Request: HEAD https://huggingface.co/sentence-transformers/all-MiniLM-L6-v2/resolve/main/preprocessor_config.json "HTTP/1.1 404 Not Found"
2026-08-01 19:54:59,858 | INFO | HTTP Request: HEAD https://huggingface.co/sentence-transformers/all-MiniLM-L6-v2/resolve/main/tokenizer_config.json "HTTP/1.1 307 Temporary Redirect"
2026-08-01 19:54:59,961 | INFO | HTTP Request: HEAD https://huggingface.co/api/resolve-cache/models/sentence-transformers/all-MiniLM-L6-v2/1110a243fdf4706b3f48f1d95db1a4f5529b4d41/tokenizer_config.json "HTTP/1.1 200 OK"
2026-08-01 19:55:00,297 | INFO | HTTP Request: HEAD https://huggingface.co/sentence-transformers/all-MiniLM-L6-v2/resolve/main/config.json "HTTP/1.1 307 Temporary Redirect"
2026-08-01 19:55:00,350 | INFO | HTTP Request: HEAD https://huggingface.co/api/resolve-cache/models/sentence-transformers/all-MiniLM-L6-v2/1110a243fdf4706b3f48f1d95db1a4f5529b4d41/config.json "HTTP/1.1 200 OK"
2026-08-01 19:55:00,658 | INFO | HTTP Request: HEAD https://huggingface.co/sentence-transformers/all-MiniLM-L6-v2/resolve/main/config.json "HTTP/1.1 307 Temporary Redirect"
2026-08-01 19:55:00,775 | INFO | HTTP Request: HEAD https://huggingface.co/api/resolve-cache/models/sentence-transformers/all-MiniLM-L6-v2/1110a243fdf4706b3f48f1d95db1a4f5529b4d41/config.json "HTTP/1.1 200 OK"
2026-08-01 19:55:01,071 | INFO | HTTP Request: HEAD https://huggingface.co/sentence-transformers/all-MiniLM-L6-v2/resolve/main/tokenizer_config.json "HTTP/1.1 307 Temporary Redirect"
2026-08-01 19:55:01,128 | INFO | HTTP Request: HEAD https://huggingface.co/api/resolve-cache/models/sentence-transformers/all-MiniLM-L6-v2/1110a243fdf4706b3f48f1d95db1a4f5529b4d41/tokenizer_config.json "HTTP/1.1 200 OK"
2026-08-01 19:55:01,425 | INFO | HTTP Request: GET https://huggingface.co/api/models/sentence-transformers/all-MiniLM-L6-v2/tree/main/additional_chat_templates?recursive=false&expand=false "HTTP/1.1 404 Not Found"
2026-08-01 19:55:01,663 | INFO | HTTP Request: GET https://huggingface.co/api/models/sentence-transformers/all-MiniLM-L6-v2/tree/main?recursive=true&expand=false "HTTP/1.1 200 OK"
2026-08-01 19:55:02,005 | INFO | HTTP Request: HEAD https://huggingface.co/sentence-transformers/all-MiniLM-L6-v2/resolve/main/1_Pooling/config.json "HTTP/1.1 307 Temporary Redirect"
2026-08-01 19:55:02,029 | INFO | HTTP Request: HEAD https://huggingface.co/api/resolve-cache/models/sentence-transformers/all-MiniLM-L6-v2/1110a243fdf4706b3f48f1d95db1a4f5529b4d41/1_Pooling%2Fconfig.json "HTTP/1.1 200 OK"
2026-08-01 19:55:02,270 | INFO | HTTP Request: GET https://huggingface.co/api/models/sentence-transformers/all-MiniLM-L6-v2 "HTTP/1.1 200 OK"
2026-08-01 19:55:02,299 | INFO | Model Loaded : all-MiniLM-L6-v2
2026-08-01 19:55:02,684 | INFO | Domain Filter Applied : Backend Development
2026-08-01 19:55:02,725 | INFO | Top 10 Recommendations Generated
2026-08-01 20:06:51,300 | INFO | ======================================================================
2026-08-01 20:06:51,302 | INFO | Loading Recommendation Engine
2026-08-01 20:06:51,302 | INFO | ======================================================================
2026-08-01 20:06:51,448 | INFO | Dataset Loaded : 6805 internships
2026-08-01 20:06:51,448 | INFO | Embeddings Shape : (6805, 384)
2026-08-01 20:07:20,812 | INFO | ======================================================================
2026-08-01 20:07:20,813 | INFO | Loading Recommendation Engine
2026-08-01 20:07:20,813 | INFO | ======================================================================
2026-08-01 20:07:20,933 | INFO | Dataset Loaded : 6805 internships
2026-08-01 20:07:20,933 | INFO | Embeddings Shape : (6805, 384)
2026-08-01 20:10:48,351 | INFO | ======================================================================
2026-08-01 20:10:48,352 | INFO | Generating Internship Recommendations
2026-08-01 20:10:48,353 | INFO | ======================================================================
2026-08-01 20:10:48,353 | INFO | ============================================================
2026-08-01 20:10:48,354 | INFO | Loading Embedding Model
2026-08-01 20:10:48,355 | INFO | ============================================================
2026-08-01 20:10:48,366 | INFO | No device provided, using cpu
2026-08-01 20:10:49,006 | INFO | HTTP Request: HEAD https://huggingface.co/sentence-transformers/all-MiniLM-L6-v2/resolve/main/modules.json "HTTP/1.1 307 Temporary Redirect"
2026-08-01 20:10:49,008 | WARNING | Warning: You are sending unauthenticated requests to the HF Hub. Please set a HF_TOKEN to enable higher rate limits and faster downloads.
2026-08-01 20:10:49,024 | INFO | HTTP Request: HEAD https://huggingface.co/api/resolve-cache/models/sentence-transformers/all-MiniLM-L6-v2/1110a243fdf4706b3f48f1d95db1a4f5529b4d41/modules.json "HTTP/1.1 200 OK"
2026-08-01 20:10:49,323 | INFO | HTTP Request: HEAD https://huggingface.co/sentence-transformers/all-MiniLM-L6-v2/resolve/main/config_sentence_transformers.json "HTTP/1.1 307 Temporary Redirect"
2026-08-01 20:10:49,563 | INFO | HTTP Request: HEAD https://huggingface.co/api/resolve-cache/models/sentence-transformers/all-MiniLM-L6-v2/1110a243fdf4706b3f48f1d95db1a4f5529b4d41/config_sentence_transformers.json "HTTP/1.1 200 OK"
2026-08-01 20:10:49,567 | INFO | Loading SentenceTransformer model from sentence-transformers/all-MiniLM-L6-v2.
2026-08-01 20:10:49,978 | INFO | HTTP Request: HEAD https://huggingface.co/sentence-transformers/all-MiniLM-L6-v2/resolve/main/config_sentence_transformers.json "HTTP/1.1 307 Temporary Redirect"
2026-08-01 20:10:50,132 | INFO | HTTP Request: HEAD https://huggingface.co/api/resolve-cache/models/sentence-transformers/all-MiniLM-L6-v2/1110a243fdf4706b3f48f1d95db1a4f5529b4d41/config_sentence_transformers.json "HTTP/1.1 200 OK"
2026-08-01 20:10:50,740 | INFO | HTTP Request: HEAD https://huggingface.co/sentence-transformers/all-MiniLM-L6-v2/resolve/main/README.md "HTTP/1.1 307 Temporary Redirect"
2026-08-01 20:10:50,756 | INFO | HTTP Request: HEAD https://huggingface.co/api/resolve-cache/models/sentence-transformers/all-MiniLM-L6-v2/1110a243fdf4706b3f48f1d95db1a4f5529b4d41/README.md "HTTP/1.1 200 OK"
2026-08-01 20:10:50,992 | INFO | HTTP Request: HEAD https://huggingface.co/sentence-transformers/all-MiniLM-L6-v2/resolve/main/modules.json "HTTP/1.1 307 Temporary Redirect"
2026-08-01 20:10:51,007 | INFO | HTTP Request: HEAD https://huggingface.co/api/resolve-cache/models/sentence-transformers/all-MiniLM-L6-v2/1110a243fdf4706b3f48f1d95db1a4f5529b4d41/modules.json "HTTP/1.1 200 OK"
2026-08-01 20:10:51,237 | INFO | HTTP Request: HEAD https://huggingface.co/sentence-transformers/all-MiniLM-L6-v2/resolve/main/sentence_bert_config.json "HTTP/1.1 307 Temporary Redirect"
2026-08-01 20:10:51,250 | INFO | HTTP Request: HEAD https://huggingface.co/api/resolve-cache/models/sentence-transformers/all-MiniLM-L6-v2/1110a243fdf4706b3f48f1d95db1a4f5529b4d41/sentence_bert_config.json "HTTP/1.1 200 OK"
2026-08-01 20:10:51,520 | INFO | HTTP Request: HEAD https://huggingface.co/sentence-transformers/all-MiniLM-L6-v2/resolve/main/adapter_config.json "HTTP/1.1 404 Not Found"
2026-08-01 20:10:51,844 | INFO | HTTP Request: HEAD https://huggingface.co/sentence-transformers/all-MiniLM-L6-v2/resolve/main/config.json "HTTP/1.1 307 Temporary Redirect"
2026-08-01 20:10:51,860 | INFO | HTTP Request: HEAD https://huggingface.co/api/resolve-cache/models/sentence-transformers/all-MiniLM-L6-v2/1110a243fdf4706b3f48f1d95db1a4f5529b4d41/config.json "HTTP/1.1 200 OK"
2026-08-01 20:10:52,416 | INFO | HTTP Request: HEAD https://huggingface.co/sentence-transformers/all-MiniLM-L6-v2/resolve/main/processor_config.json "HTTP/1.1 404 Not Found"
2026-08-01 20:10:52,647 | INFO | HTTP Request: HEAD https://huggingface.co/sentence-transformers/all-MiniLM-L6-v2/resolve/main/preprocessor_config.json "HTTP/1.1 404 Not Found"
2026-08-01 20:10:52,902 | INFO | HTTP Request: HEAD https://huggingface.co/sentence-transformers/all-MiniLM-L6-v2/resolve/main/video_preprocessor_config.json "HTTP/1.1 404 Not Found"
2026-08-01 20:10:53,141 | INFO | HTTP Request: HEAD https://huggingface.co/sentence-transformers/all-MiniLM-L6-v2/resolve/main/preprocessor_config.json "HTTP/1.1 404 Not Found"
2026-08-01 20:10:53,391 | INFO | HTTP Request: HEAD https://huggingface.co/sentence-transformers/all-MiniLM-L6-v2/resolve/main/tokenizer_config.json "HTTP/1.1 307 Temporary Redirect"
2026-08-01 20:10:53,403 | INFO | HTTP Request: HEAD https://huggingface.co/api/resolve-cache/models/sentence-transformers/all-MiniLM-L6-v2/1110a243fdf4706b3f48f1d95db1a4f5529b4d41/tokenizer_config.json "HTTP/1.1 200 OK"
2026-08-01 20:10:53,642 | INFO | HTTP Request: HEAD https://huggingface.co/sentence-transformers/all-MiniLM-L6-v2/resolve/main/config.json "HTTP/1.1 307 Temporary Redirect"
2026-08-01 20:10:53,675 | INFO | HTTP Request: HEAD https://huggingface.co/api/resolve-cache/models/sentence-transformers/all-MiniLM-L6-v2/1110a243fdf4706b3f48f1d95db1a4f5529b4d41/config.json "HTTP/1.1 200 OK"
2026-08-01 20:10:54,000 | INFO | HTTP Request: HEAD https://huggingface.co/sentence-transformers/all-MiniLM-L6-v2/resolve/main/config.json "HTTP/1.1 307 Temporary Redirect"
2026-08-01 20:10:54,014 | INFO | HTTP Request: HEAD https://huggingface.co/api/resolve-cache/models/sentence-transformers/all-MiniLM-L6-v2/1110a243fdf4706b3f48f1d95db1a4f5529b4d41/config.json "HTTP/1.1 200 OK"
2026-08-01 20:10:54,321 | INFO | HTTP Request: HEAD https://huggingface.co/sentence-transformers/all-MiniLM-L6-v2/resolve/main/tokenizer_config.json "HTTP/1.1 307 Temporary Redirect"
2026-08-01 20:10:54,452 | INFO | HTTP Request: HEAD https://huggingface.co/api/resolve-cache/models/sentence-transformers/all-MiniLM-L6-v2/1110a243fdf4706b3f48f1d95db1a4f5529b4d41/tokenizer_config.json "HTTP/1.1 200 OK"
2026-08-01 20:10:54,700 | INFO | HTTP Request: GET https://huggingface.co/api/models/sentence-transformers/all-MiniLM-L6-v2/tree/main/additional_chat_templates?recursive=false&expand=false "HTTP/1.1 404 Not Found"
2026-08-01 20:10:54,938 | INFO | HTTP Request: GET https://huggingface.co/api/models/sentence-transformers/all-MiniLM-L6-v2/tree/main?recursive=true&expand=false "HTTP/1.1 200 OK"
2026-08-01 20:10:55,311 | INFO | HTTP Request: HEAD https://huggingface.co/sentence-transformers/all-MiniLM-L6-v2/resolve/main/1_Pooling/config.json "HTTP/1.1 307 Temporary Redirect"
2026-08-01 20:10:55,322 | INFO | HTTP Request: HEAD https://huggingface.co/api/resolve-cache/models/sentence-transformers/all-MiniLM-L6-v2/1110a243fdf4706b3f48f1d95db1a4f5529b4d41/1_Pooling%2Fconfig.json "HTTP/1.1 200 OK"
2026-08-01 20:10:55,565 | INFO | HTTP Request: GET https://huggingface.co/api/models/sentence-transformers/all-MiniLM-L6-v2 "HTTP/1.1 200 OK"
2026-08-01 20:10:55,654 | INFO | Model Loaded : all-MiniLM-L6-v2
2026-08-01 20:10:55,844 | INFO | Domain Filter Applied : Backend Development
2026-08-01 20:10:55,878 | INFO | Top 10 Recommendations Generated
2026-08-01 20:12:53,815 | INFO | ======================================================================
2026-08-01 20:12:53,815 | INFO | Loading Recommendation Engine
2026-08-01 20:12:53,816 | INFO | ======================================================================
2026-08-01 20:12:53,918 | INFO | Dataset Loaded : 6805 internships
2026-08-01 20:12:53,918 | INFO | Embeddings Shape : (6805, 384)
2026-08-01 20:32:20,538 | INFO | ======================================================================
2026-08-01 20:32:20,538 | INFO | Loading Recommendation Engine
2026-08-01 20:32:20,539 | INFO | ======================================================================
2026-08-01 20:32:20,624 | INFO | Dataset Loaded : 6805 internships
2026-08-01 20:32:20,625 | INFO | Embeddings Shape : (6805, 384)
2026-08-01 20:33:18,675 | INFO | ======================================================================
2026-08-01 20:33:18,676 | INFO | Loading Recommendation Engine
2026-08-01 20:33:18,677 | INFO | ======================================================================
2026-08-01 20:33:18,954 | INFO | Dataset Loaded : 6805 internships
2026-08-01 20:33:18,955 | INFO | Embeddings Shape : (6805, 384)
2026-08-02 09:48:51,278 | INFO | ======================================================================
2026-08-02 09:48:51,280 | INFO | Loading Recommendation Engine
2026-08-02 09:48:51,281 | INFO | ======================================================================
2026-08-02 09:48:51,566 | INFO | Dataset Loaded : 6805 internships
2026-08-02 09:48:51,567 | INFO | Embeddings Shape : (6805, 384)
2026-08-02 09:50:13,315 | INFO | ======================================================================
2026-08-02 09:50:13,315 | INFO | Loading Recommendation Engine
2026-08-02 09:50:13,316 | INFO | ======================================================================
2026-08-02 09:50:13,441 | INFO | Dataset Loaded : 6805 internships
2026-08-02 09:50:13,441 | INFO | Embeddings Shape : (6805, 384)
2026-08-02 10:04:25,918 | INFO | ======================================================================
2026-08-02 10:04:25,918 | INFO | Generating Internship Recommendations
2026-08-02 10:04:25,918 | INFO | ======================================================================
2026-08-02 10:04:25,919 | INFO | ============================================================
2026-08-02 10:04:25,919 | INFO | Loading Embedding Model
2026-08-02 10:04:25,919 | INFO | ============================================================
2026-08-02 10:04:25,928 | INFO | No device provided, using cpu
2026-08-02 10:04:26,414 | INFO | HTTP Request: HEAD https://huggingface.co/sentence-transformers/all-MiniLM-L6-v2/resolve/main/modules.json "HTTP/1.1 307 Temporary Redirect"
2026-08-02 10:04:26,416 | WARNING | Warning: You are sending unauthenticated requests to the HF Hub. Please set a HF_TOKEN to enable higher rate limits and faster downloads.
2026-08-02 10:04:26,434 | INFO | HTTP Request: HEAD https://huggingface.co/api/resolve-cache/models/sentence-transformers/all-MiniLM-L6-v2/1110a243fdf4706b3f48f1d95db1a4f5529b4d41/modules.json "HTTP/1.1 200 OK"
2026-08-02 10:04:26,734 | INFO | HTTP Request: HEAD https://huggingface.co/sentence-transformers/all-MiniLM-L6-v2/resolve/main/config_sentence_transformers.json "HTTP/1.1 307 Temporary Redirect"
2026-08-02 10:04:26,750 | INFO | HTTP Request: HEAD https://huggingface.co/api/resolve-cache/models/sentence-transformers/all-MiniLM-L6-v2/1110a243fdf4706b3f48f1d95db1a4f5529b4d41/config_sentence_transformers.json "HTTP/1.1 200 OK"
2026-08-02 10:04:26,752 | INFO | Loading SentenceTransformer model from sentence-transformers/all-MiniLM-L6-v2.
2026-08-02 10:04:26,983 | INFO | HTTP Request: HEAD https://huggingface.co/sentence-transformers/all-MiniLM-L6-v2/resolve/main/config_sentence_transformers.json "HTTP/1.1 307 Temporary Redirect"
2026-08-02 10:04:27,037 | INFO | HTTP Request: HEAD https://huggingface.co/api/resolve-cache/models/sentence-transformers/all-MiniLM-L6-v2/1110a243fdf4706b3f48f1d95db1a4f5529b4d41/config_sentence_transformers.json "HTTP/1.1 200 OK"
2026-08-02 10:04:27,282 | INFO | HTTP Request: HEAD https://huggingface.co/sentence-transformers/all-MiniLM-L6-v2/resolve/main/README.md "HTTP/1.1 307 Temporary Redirect"
2026-08-02 10:04:27,297 | INFO | HTTP Request: HEAD https://huggingface.co/api/resolve-cache/models/sentence-transformers/all-MiniLM-L6-v2/1110a243fdf4706b3f48f1d95db1a4f5529b4d41/README.md "HTTP/1.1 200 OK"
2026-08-02 10:04:27,530 | INFO | HTTP Request: HEAD https://huggingface.co/sentence-transformers/all-MiniLM-L6-v2/resolve/main/modules.json "HTTP/1.1 307 Temporary Redirect"
2026-08-02 10:04:27,544 | INFO | HTTP Request: HEAD https://huggingface.co/api/resolve-cache/models/sentence-transformers/all-MiniLM-L6-v2/1110a243fdf4706b3f48f1d95db1a4f5529b4d41/modules.json "HTTP/1.1 200 OK"
2026-08-02 10:04:27,778 | INFO | HTTP Request: HEAD https://huggingface.co/sentence-transformers/all-MiniLM-L6-v2/resolve/main/sentence_bert_config.json "HTTP/1.1 307 Temporary Redirect"
2026-08-02 10:04:27,796 | INFO | HTTP Request: HEAD https://huggingface.co/api/resolve-cache/models/sentence-transformers/all-MiniLM-L6-v2/1110a243fdf4706b3f48f1d95db1a4f5529b4d41/sentence_bert_config.json "HTTP/1.1 200 OK"
2026-08-02 10:04:28,032 | INFO | HTTP Request: HEAD https://huggingface.co/sentence-transformers/all-MiniLM-L6-v2/resolve/main/adapter_config.json "HTTP/1.1 404 Not Found"
2026-08-02 10:04:28,310 | INFO | HTTP Request: HEAD https://huggingface.co/sentence-transformers/all-MiniLM-L6-v2/resolve/main/config.json "HTTP/1.1 307 Temporary Redirect"
2026-08-02 10:04:28,346 | INFO | HTTP Request: HEAD https://huggingface.co/api/resolve-cache/models/sentence-transformers/all-MiniLM-L6-v2/1110a243fdf4706b3f48f1d95db1a4f5529b4d41/config.json "HTTP/1.1 200 OK"
2026-08-02 10:04:29,037 | INFO | HTTP Request: HEAD https://huggingface.co/sentence-transformers/all-MiniLM-L6-v2/resolve/main/processor_config.json "HTTP/1.1 404 Not Found"
2026-08-02 10:04:29,345 | INFO | HTTP Request: HEAD https://huggingface.co/sentence-transformers/all-MiniLM-L6-v2/resolve/main/preprocessor_config.json "HTTP/1.1 404 Not Found"
2026-08-02 10:04:29,687 | INFO | HTTP Request: HEAD https://huggingface.co/sentence-transformers/all-MiniLM-L6-v2/resolve/main/video_preprocessor_config.json "HTTP/1.1 404 Not Found"
2026-08-02 10:04:30,103 | INFO | HTTP Request: HEAD https://huggingface.co/sentence-transformers/all-MiniLM-L6-v2/resolve/main/preprocessor_config.json "HTTP/1.1 404 Not Found"
2026-08-02 10:04:30,344 | INFO | HTTP Request: HEAD https://huggingface.co/sentence-transformers/all-MiniLM-L6-v2/resolve/main/tokenizer_config.json "HTTP/1.1 307 Temporary Redirect"
2026-08-02 10:04:30,361 | INFO | HTTP Request: HEAD https://huggingface.co/api/resolve-cache/models/sentence-transformers/all-MiniLM-L6-v2/1110a243fdf4706b3f48f1d95db1a4f5529b4d41/tokenizer_config.json "HTTP/1.1 200 OK"
2026-08-02 10:04:30,597 | INFO | HTTP Request: HEAD https://huggingface.co/sentence-transformers/all-MiniLM-L6-v2/resolve/main/config.json "HTTP/1.1 307 Temporary Redirect"
2026-08-02 10:04:30,617 | INFO | HTTP Request: HEAD https://huggingface.co/api/resolve-cache/models/sentence-transformers/all-MiniLM-L6-v2/1110a243fdf4706b3f48f1d95db1a4f5529b4d41/config.json "HTTP/1.1 200 OK"
2026-08-02 10:04:30,857 | INFO | HTTP Request: HEAD https://huggingface.co/sentence-transformers/all-MiniLM-L6-v2/resolve/main/config.json "HTTP/1.1 307 Temporary Redirect"
2026-08-02 10:04:30,873 | INFO | HTTP Request: HEAD https://huggingface.co/api/resolve-cache/models/sentence-transformers/all-MiniLM-L6-v2/1110a243fdf4706b3f48f1d95db1a4f5529b4d41/config.json "HTTP/1.1 200 OK"
2026-08-02 10:04:31,146 | INFO | HTTP Request: HEAD https://huggingface.co/sentence-transformers/all-MiniLM-L6-v2/resolve/main/tokenizer_config.json "HTTP/1.1 307 Temporary Redirect"
2026-08-02 10:04:31,170 | INFO | HTTP Request: HEAD https://huggingface.co/api/resolve-cache/models/sentence-transformers/all-MiniLM-L6-v2/1110a243fdf4706b3f48f1d95db1a4f5529b4d41/tokenizer_config.json "HTTP/1.1 200 OK"
2026-08-02 10:04:31,451 | INFO | HTTP Request: GET https://huggingface.co/api/models/sentence-transformers/all-MiniLM-L6-v2/tree/main/additional_chat_templates?recursive=false&expand=false "HTTP/1.1 404 Not Found"
2026-08-02 10:04:31,691 | INFO | HTTP Request: GET https://huggingface.co/api/models/sentence-transformers/all-MiniLM-L6-v2/tree/main?recursive=true&expand=false "HTTP/1.1 200 OK"
2026-08-02 10:04:32,037 | INFO | HTTP Request: HEAD https://huggingface.co/sentence-transformers/all-MiniLM-L6-v2/resolve/main/1_Pooling/config.json "HTTP/1.1 307 Temporary Redirect"
2026-08-02 10:04:32,065 | INFO | HTTP Request: HEAD https://huggingface.co/api/resolve-cache/models/sentence-transformers/all-MiniLM-L6-v2/1110a243fdf4706b3f48f1d95db1a4f5529b4d41/1_Pooling%2Fconfig.json "HTTP/1.1 200 OK"
2026-08-02 10:04:32,301 | INFO | HTTP Request: GET https://huggingface.co/api/models/sentence-transformers/all-MiniLM-L6-v2 "HTTP/1.1 200 OK"
2026-08-02 10:04:32,352 | INFO | Model Loaded : all-MiniLM-L6-v2
2026-08-02 10:04:32,792 | INFO | Domain Filter Applied : Others
2026-08-02 10:04:33,070 | INFO | Top 10 Recommendations Generated
2026-08-02 10:20:48,821 | INFO | ======================================================================
2026-08-02 10:20:48,822 | INFO | Generating Internship Recommendations
2026-08-02 10:20:48,823 | INFO | ======================================================================
2026-08-02 10:20:49,105 | INFO | Domain Filter Applied : Others
2026-08-02 10:20:49,394 | INFO | Top 10 Recommendations Generated
2026-08-02 10:26:16,624 | INFO | ======================================================================
2026-08-02 10:26:16,625 | INFO | Loading Recommendation Engine
2026-08-02 10:26:16,626 | INFO | ======================================================================
2026-08-02 10:26:16,769 | INFO | Dataset Loaded : 6805 internships
2026-08-02 10:26:16,769 | INFO | Embeddings Shape : (6805, 384)
2026-08-02 10:29:24,336 | INFO | ======================================================================
2026-08-02 10:29:24,336 | INFO | Loading Recommendation Engine
2026-08-02 10:29:24,337 | INFO | ======================================================================
2026-08-02 10:29:24,429 | INFO | Dataset Loaded : 6805 internships
2026-08-02 10:29:24,430 | INFO | Embeddings Shape : (6805, 384)
2026-08-02 10:35:05,193 | INFO | ======================================================================
2026-08-02 10:35:05,194 | INFO | Loading Recommendation Engine
2026-08-02 10:35:05,194 | INFO | ======================================================================
2026-08-02 10:35:05,289 | INFO | Dataset Loaded : 6805 internships
2026-08-02 10:35:05,290 | INFO | Embeddings Shape : (6805, 384)
2026-08-02 10:35:31,783 | INFO | ======================================================================
2026-08-02 10:35:31,783 | INFO | Loading Recommendation Engine
2026-08-02 10:35:31,784 | INFO | ======================================================================
2026-08-02 10:35:31,888 | INFO | Dataset Loaded : 6805 internships
2026-08-02 10:35:31,889 | INFO | Embeddings Shape : (6805, 384)
2026-08-02 10:36:02,091 | INFO | ======================================================================
2026-08-02 10:36:02,091 | INFO | Generating Internship Recommendations
2026-08-02 10:36:02,092 | INFO | ======================================================================
2026-08-02 10:36:02,092 | INFO | ============================================================
2026-08-02 10:36:02,093 | INFO | Loading Embedding Model
2026-08-02 10:36:02,093 | INFO | ============================================================
2026-08-02 10:36:02,108 | INFO | No device provided, using cpu
2026-08-02 10:36:02,476 | INFO | HTTP Request: HEAD https://huggingface.co/sentence-transformers/all-MiniLM-L6-v2/resolve/main/modules.json "HTTP/1.1 307 Temporary Redirect"
2026-08-02 10:36:02,477 | WARNING | Warning: You are sending unauthenticated requests to the HF Hub. Please set a HF_TOKEN to enable higher rate limits and faster downloads.
2026-08-02 10:36:02,493 | INFO | HTTP Request: HEAD https://huggingface.co/api/resolve-cache/models/sentence-transformers/all-MiniLM-L6-v2/1110a243fdf4706b3f48f1d95db1a4f5529b4d41/modules.json "HTTP/1.1 200 OK"
2026-08-02 10:36:02,724 | INFO | HTTP Request: HEAD https://huggingface.co/sentence-transformers/all-MiniLM-L6-v2/resolve/main/config_sentence_transformers.json "HTTP/1.1 307 Temporary Redirect"
2026-08-02 10:36:02,767 | INFO | HTTP Request: HEAD https://huggingface.co/api/resolve-cache/models/sentence-transformers/all-MiniLM-L6-v2/1110a243fdf4706b3f48f1d95db1a4f5529b4d41/config_sentence_transformers.json "HTTP/1.1 200 OK"
2026-08-02 10:36:02,769 | INFO | Loading SentenceTransformer model from sentence-transformers/all-MiniLM-L6-v2.
2026-08-02 10:36:02,996 | INFO | HTTP Request: HEAD https://huggingface.co/sentence-transformers/all-MiniLM-L6-v2/resolve/main/config_sentence_transformers.json "HTTP/1.1 307 Temporary Redirect"
2026-08-02 10:36:03,008 | INFO | HTTP Request: HEAD https://huggingface.co/api/resolve-cache/models/sentence-transformers/all-MiniLM-L6-v2/1110a243fdf4706b3f48f1d95db1a4f5529b4d41/config_sentence_transformers.json "HTTP/1.1 200 OK"
2026-08-02 10:36:03,241 | INFO | HTTP Request: HEAD https://huggingface.co/sentence-transformers/all-MiniLM-L6-v2/resolve/main/README.md "HTTP/1.1 307 Temporary Redirect"
2026-08-02 10:36:03,255 | INFO | HTTP Request: HEAD https://huggingface.co/api/resolve-cache/models/sentence-transformers/all-MiniLM-L6-v2/1110a243fdf4706b3f48f1d95db1a4f5529b4d41/README.md "HTTP/1.1 200 OK"
2026-08-02 10:36:03,491 | INFO | HTTP Request: HEAD https://huggingface.co/sentence-transformers/all-MiniLM-L6-v2/resolve/main/modules.json "HTTP/1.1 307 Temporary Redirect"
2026-08-02 10:36:03,533 | INFO | HTTP Request: HEAD https://huggingface.co/api/resolve-cache/models/sentence-transformers/all-MiniLM-L6-v2/1110a243fdf4706b3f48f1d95db1a4f5529b4d41/modules.json "HTTP/1.1 200 OK"
2026-08-02 10:36:03,762 | INFO | HTTP Request: HEAD https://huggingface.co/sentence-transformers/all-MiniLM-L6-v2/resolve/main/sentence_bert_config.json "HTTP/1.1 307 Temporary Redirect"
2026-08-02 10:36:03,778 | INFO | HTTP Request: HEAD https://huggingface.co/api/resolve-cache/models/sentence-transformers/all-MiniLM-L6-v2/1110a243fdf4706b3f48f1d95db1a4f5529b4d41/sentence_bert_config.json "HTTP/1.1 200 OK"
2026-08-02 10:36:04,012 | INFO | HTTP Request: HEAD https://huggingface.co/sentence-transformers/all-MiniLM-L6-v2/resolve/main/adapter_config.json "HTTP/1.1 404 Not Found"
2026-08-02 10:36:04,254 | INFO | HTTP Request: HEAD https://huggingface.co/sentence-transformers/all-MiniLM-L6-v2/resolve/main/config.json "HTTP/1.1 307 Temporary Redirect"
2026-08-02 10:36:04,270 | INFO | HTTP Request: HEAD https://huggingface.co/api/resolve-cache/models/sentence-transformers/all-MiniLM-L6-v2/1110a243fdf4706b3f48f1d95db1a4f5529b4d41/config.json "HTTP/1.1 200 OK"
2026-08-02 10:36:04,775 | INFO | HTTP Request: HEAD https://huggingface.co/sentence-transformers/all-MiniLM-L6-v2/resolve/main/processor_config.json "HTTP/1.1 404 Not Found"
2026-08-02 10:36:05,012 | INFO | HTTP Request: HEAD https://huggingface.co/sentence-transformers/all-MiniLM-L6-v2/resolve/main/preprocessor_config.json "HTTP/1.1 404 Not Found"
2026-08-02 10:36:05,251 | INFO | HTTP Request: HEAD https://huggingface.co/sentence-transformers/all-MiniLM-L6-v2/resolve/main/video_preprocessor_config.json "HTTP/1.1 404 Not Found"
2026-08-02 10:36:05,486 | INFO | HTTP Request: HEAD https://huggingface.co/sentence-transformers/all-MiniLM-L6-v2/resolve/main/preprocessor_config.json "HTTP/1.1 404 Not Found"
2026-08-02 10:36:05,718 | INFO | HTTP Request: HEAD https://huggingface.co/sentence-transformers/all-MiniLM-L6-v2/resolve/main/tokenizer_config.json "HTTP/1.1 307 Temporary Redirect"
2026-08-02 10:36:05,739 | INFO | HTTP Request: HEAD https://huggingface.co/api/resolve-cache/models/sentence-transformers/all-MiniLM-L6-v2/1110a243fdf4706b3f48f1d95db1a4f5529b4d41/tokenizer_config.json "HTTP/1.1 200 OK"
2026-08-02 10:36:05,972 | INFO | HTTP Request: HEAD https://huggingface.co/sentence-transformers/all-MiniLM-L6-v2/resolve/main/config.json "HTTP/1.1 307 Temporary Redirect"
2026-08-02 10:36:05,983 | INFO | HTTP Request: HEAD https://huggingface.co/api/resolve-cache/models/sentence-transformers/all-MiniLM-L6-v2/1110a243fdf4706b3f48f1d95db1a4f5529b4d41/config.json "HTTP/1.1 200 OK"
2026-08-02 10:36:06,222 | INFO | HTTP Request: HEAD https://huggingface.co/sentence-transformers/all-MiniLM-L6-v2/resolve/main/config.json "HTTP/1.1 307 Temporary Redirect"
2026-08-02 10:36:06,246 | INFO | HTTP Request: HEAD https://huggingface.co/api/resolve-cache/models/sentence-transformers/all-MiniLM-L6-v2/1110a243fdf4706b3f48f1d95db1a4f5529b4d41/config.json "HTTP/1.1 200 OK"
2026-08-02 10:36:06,500 | INFO | HTTP Request: HEAD https://huggingface.co/sentence-transformers/all-MiniLM-L6-v2/resolve/main/tokenizer_config.json "HTTP/1.1 307 Temporary Redirect"
2026-08-02 10:36:06,510 | INFO | HTTP Request: HEAD https://huggingface.co/api/resolve-cache/models/sentence-transformers/all-MiniLM-L6-v2/1110a243fdf4706b3f48f1d95db1a4f5529b4d41/tokenizer_config.json "HTTP/1.1 200 OK"
2026-08-02 10:36:06,771 | INFO | HTTP Request: GET https://huggingface.co/api/models/sentence-transformers/all-MiniLM-L6-v2/tree/main/additional_chat_templates?recursive=false&expand=false "HTTP/1.1 404 Not Found"
2026-08-02 10:36:07,018 | INFO | HTTP Request: GET https://huggingface.co/api/models/sentence-transformers/all-MiniLM-L6-v2/tree/main?recursive=true&expand=false "HTTP/1.1 200 OK"
2026-08-02 10:36:07,340 | INFO | HTTP Request: HEAD https://huggingface.co/sentence-transformers/all-MiniLM-L6-v2/resolve/main/1_Pooling/config.json "HTTP/1.1 307 Temporary Redirect"
2026-08-02 10:36:07,372 | INFO | HTTP Request: HEAD https://huggingface.co/api/resolve-cache/models/sentence-transformers/all-MiniLM-L6-v2/1110a243fdf4706b3f48f1d95db1a4f5529b4d41/1_Pooling%2Fconfig.json "HTTP/1.1 200 OK"
2026-08-02 10:36:07,614 | INFO | HTTP Request: GET https://huggingface.co/api/models/sentence-transformers/all-MiniLM-L6-v2 "HTTP/1.1 200 OK"
2026-08-02 10:36:07,618 | INFO | Model Loaded : all-MiniLM-L6-v2
2026-08-02 10:36:07,836 | INFO | ============================================================
2026-08-02 10:36:07,836 | INFO | Preferred Domain Received = Others
2026-08-02 10:36:07,837 | INFO | ============================================================
2026-08-02 10:36:08,119 | INFO | Top 10 Recommendations Generated
2026-08-03 10:12:19,901 | INFO | ======================================================================
2026-08-03 10:12:19,902 | INFO | Loading Recommendation Engine
2026-08-03 10:12:19,902 | INFO | ======================================================================
2026-08-03 10:12:20,031 | INFO | Dataset Loaded : 6805 internships
2026-08-03 10:12:20,032 | INFO | Embeddings Shape : (6805, 384)
2026-08-03 10:12:39,365 | INFO | ======================================================================
2026-08-03 10:12:39,365 | INFO | Generating Internship Recommendations
2026-08-03 10:12:39,366 | INFO | ======================================================================
2026-08-03 10:12:39,366 | INFO | ============================================================
2026-08-03 10:12:39,366 | INFO | Loading Embedding Model
2026-08-03 10:12:39,367 | INFO | ============================================================
2026-08-03 10:12:39,376 | INFO | No device provided, using cpu
2026-08-03 10:12:39,831 | INFO | HTTP Request: GET https://huggingface.co/api/agent-harnesses "HTTP/1.1 200 OK"
2026-08-03 10:12:40,108 | INFO | HTTP Request: HEAD https://huggingface.co/sentence-transformers/all-MiniLM-L6-v2/resolve/main/modules.json "HTTP/1.1 307 Temporary Redirect"
2026-08-03 10:12:40,109 | WARNING | Warning: You are sending unauthenticated requests to the HF Hub. Please set a HF_TOKEN to enable higher rate limits and faster downloads.
2026-08-03 10:12:40,124 | INFO | HTTP Request: HEAD https://huggingface.co/api/resolve-cache/models/sentence-transformers/all-MiniLM-L6-v2/1110a243fdf4706b3f48f1d95db1a4f5529b4d41/modules.json "HTTP/1.1 200 OK"
2026-08-03 10:12:40,355 | INFO | HTTP Request: HEAD https://huggingface.co/sentence-transformers/all-MiniLM-L6-v2/resolve/main/config_sentence_transformers.json "HTTP/1.1 307 Temporary Redirect"
2026-08-03 10:12:40,369 | INFO | HTTP Request: HEAD https://huggingface.co/api/resolve-cache/models/sentence-transformers/all-MiniLM-L6-v2/1110a243fdf4706b3f48f1d95db1a4f5529b4d41/config_sentence_transformers.json "HTTP/1.1 200 OK"
2026-08-03 10:12:40,374 | INFO | Loading SentenceTransformer model from sentence-transformers/all-MiniLM-L6-v2.
2026-08-03 10:12:40,605 | INFO | HTTP Request: HEAD https://huggingface.co/sentence-transformers/all-MiniLM-L6-v2/resolve/main/config_sentence_transformers.json "HTTP/1.1 307 Temporary Redirect"
2026-08-03 10:12:40,629 | INFO | HTTP Request: HEAD https://huggingface.co/api/resolve-cache/models/sentence-transformers/all-MiniLM-L6-v2/1110a243fdf4706b3f48f1d95db1a4f5529b4d41/config_sentence_transformers.json "HTTP/1.1 200 OK"
2026-08-03 10:12:40,884 | INFO | HTTP Request: HEAD https://huggingface.co/sentence-transformers/all-MiniLM-L6-v2/resolve/main/README.md "HTTP/1.1 307 Temporary Redirect"
2026-08-03 10:12:40,899 | INFO | HTTP Request: HEAD https://huggingface.co/api/resolve-cache/models/sentence-transformers/all-MiniLM-L6-v2/1110a243fdf4706b3f48f1d95db1a4f5529b4d41/README.md "HTTP/1.1 200 OK"
2026-08-03 10:12:41,137 | INFO | HTTP Request: HEAD https://huggingface.co/sentence-transformers/all-MiniLM-L6-v2/resolve/main/modules.json "HTTP/1.1 307 Temporary Redirect"
2026-08-03 10:12:41,152 | INFO | HTTP Request: HEAD https://huggingface.co/api/resolve-cache/models/sentence-transformers/all-MiniLM-L6-v2/1110a243fdf4706b3f48f1d95db1a4f5529b4d41/modules.json "HTTP/1.1 200 OK"
2026-08-03 10:12:41,389 | INFO | HTTP Request: HEAD https://huggingface.co/sentence-transformers/all-MiniLM-L6-v2/resolve/main/sentence_bert_config.json "HTTP/1.1 307 Temporary Redirect"
2026-08-03 10:12:41,407 | INFO | HTTP Request: HEAD https://huggingface.co/api/resolve-cache/models/sentence-transformers/all-MiniLM-L6-v2/1110a243fdf4706b3f48f1d95db1a4f5529b4d41/sentence_bert_config.json "HTTP/1.1 200 OK"
2026-08-03 10:12:41,650 | INFO | HTTP Request: HEAD https://huggingface.co/sentence-transformers/all-MiniLM-L6-v2/resolve/main/adapter_config.json "HTTP/1.1 404 Not Found"
2026-08-03 10:12:41,900 | INFO | HTTP Request: HEAD https://huggingface.co/sentence-transformers/all-MiniLM-L6-v2/resolve/main/config.json "HTTP/1.1 307 Temporary Redirect"
2026-08-03 10:12:41,915 | INFO | HTTP Request: HEAD https://huggingface.co/api/resolve-cache/models/sentence-transformers/all-MiniLM-L6-v2/1110a243fdf4706b3f48f1d95db1a4f5529b4d41/config.json "HTTP/1.1 200 OK"
2026-08-03 10:12:42,822 | INFO | HTTP Request: HEAD https://huggingface.co/sentence-transformers/all-MiniLM-L6-v2/resolve/main/processor_config.json "HTTP/1.1 404 Not Found"
2026-08-03 10:12:43,061 | INFO | HTTP Request: HEAD https://huggingface.co/sentence-transformers/all-MiniLM-L6-v2/resolve/main/preprocessor_config.json "HTTP/1.1 404 Not Found"
2026-08-03 10:12:43,308 | INFO | HTTP Request: HEAD https://huggingface.co/sentence-transformers/all-MiniLM-L6-v2/resolve/main/video_preprocessor_config.json "HTTP/1.1 404 Not Found"
2026-08-03 10:12:43,556 | INFO | HTTP Request: HEAD https://huggingface.co/sentence-transformers/all-MiniLM-L6-v2/resolve/main/preprocessor_config.json "HTTP/1.1 404 Not Found"
2026-08-03 10:12:43,786 | INFO | HTTP Request: HEAD https://huggingface.co/sentence-transformers/all-MiniLM-L6-v2/resolve/main/tokenizer_config.json "HTTP/1.1 307 Temporary Redirect"
2026-08-03 10:12:43,809 | INFO | HTTP Request: HEAD https://huggingface.co/api/resolve-cache/models/sentence-transformers/all-MiniLM-L6-v2/1110a243fdf4706b3f48f1d95db1a4f5529b4d41/tokenizer_config.json "HTTP/1.1 200 OK"
2026-08-03 10:12:44,055 | INFO | HTTP Request: HEAD https://huggingface.co/sentence-transformers/all-MiniLM-L6-v2/resolve/main/config.json "HTTP/1.1 307 Temporary Redirect"
2026-08-03 10:12:44,071 | INFO | HTTP Request: HEAD https://huggingface.co/api/resolve-cache/models/sentence-transformers/all-MiniLM-L6-v2/1110a243fdf4706b3f48f1d95db1a4f5529b4d41/config.json "HTTP/1.1 200 OK"
2026-08-03 10:12:44,319 | INFO | HTTP Request: HEAD https://huggingface.co/sentence-transformers/all-MiniLM-L6-v2/resolve/main/config.json "HTTP/1.1 307 Temporary Redirect"
2026-08-03 10:12:44,333 | INFO | HTTP Request: HEAD https://huggingface.co/api/resolve-cache/models/sentence-transformers/all-MiniLM-L6-v2/1110a243fdf4706b3f48f1d95db1a4f5529b4d41/config.json "HTTP/1.1 200 OK"
2026-08-03 10:12:44,573 | INFO | HTTP Request: HEAD https://huggingface.co/sentence-transformers/all-MiniLM-L6-v2/resolve/main/tokenizer_config.json "HTTP/1.1 307 Temporary Redirect"
2026-08-03 10:12:44,586 | INFO | HTTP Request: HEAD https://huggingface.co/api/resolve-cache/models/sentence-transformers/all-MiniLM-L6-v2/1110a243fdf4706b3f48f1d95db1a4f5529b4d41/tokenizer_config.json "HTTP/1.1 200 OK"
2026-08-03 10:12:44,865 | INFO | HTTP Request: GET https://huggingface.co/api/models/sentence-transformers/all-MiniLM-L6-v2/tree/main/additional_chat_templates?recursive=false&expand=false "HTTP/1.1 404 Not Found"
2026-08-03 10:12:45,109 | INFO | HTTP Request: GET https://huggingface.co/api/models/sentence-transformers/all-MiniLM-L6-v2/tree/main?recursive=true&expand=false "HTTP/1.1 200 OK"
2026-08-03 10:12:45,446 | INFO | HTTP Request: HEAD https://huggingface.co/sentence-transformers/all-MiniLM-L6-v2/resolve/main/1_Pooling/config.json "HTTP/1.1 307 Temporary Redirect"
2026-08-03 10:12:45,485 | INFO | HTTP Request: HEAD https://huggingface.co/api/resolve-cache/models/sentence-transformers/all-MiniLM-L6-v2/1110a243fdf4706b3f48f1d95db1a4f5529b4d41/1_Pooling%2Fconfig.json "HTTP/1.1 200 OK"
2026-08-03 10:12:45,719 | INFO | HTTP Request: GET https://huggingface.co/api/models/sentence-transformers/all-MiniLM-L6-v2 "HTTP/1.1 200 OK"
2026-08-03 10:12:45,727 | INFO | Model Loaded : all-MiniLM-L6-v2
2026-08-03 10:12:46,245 | INFO | ============================================================
2026-08-03 10:12:46,246 | INFO | Preferred Domain Received = Others
2026-08-03 10:12:46,247 | INFO | ============================================================
2026-08-03 10:12:46,513 | INFO | Top 10 Recommendations Generated
2026-08-03 20:59:03,319 | INFO | ======================================================================
2026-08-03 20:59:03,321 | INFO | Loading Recommendation Engine
2026-08-03 20:59:03,321 | INFO | ======================================================================
2026-08-03 20:59:03,527 | INFO | Dataset Loaded : 6805 internships
2026-08-03 20:59:03,527 | INFO | Embeddings Shape : (6805, 384)
2026-08-03 20:59:11,335 | INFO | ======================================================================
2026-08-03 20:59:11,336 | INFO | Loading Recommendation Engine
2026-08-03 20:59:11,336 | INFO | ======================================================================
2026-08-03 20:59:11,431 | INFO | Dataset Loaded : 6805 internships
2026-08-03 20:59:11,432 | INFO | Embeddings Shape : (6805, 384)
2026-08-03 20:59:28,378 | INFO | ======================================================================
2026-08-03 20:59:28,379 | INFO | Loading Recommendation Engine
2026-08-03 20:59:28,379 | INFO | ======================================================================
2026-08-03 20:59:28,556 | INFO | Dataset Loaded : 6805 internships
2026-08-03 20:59:28,557 | INFO | Embeddings Shape : (6805, 384)
2026-08-03 21:00:15,594 | INFO | ======================================================================
2026-08-03 21:00:15,595 | INFO | Generating Internship Recommendations
2026-08-03 21:00:15,596 | INFO | ======================================================================
2026-08-03 21:00:15,596 | INFO | ============================================================
2026-08-03 21:00:15,597 | INFO | Loading Embedding Model
2026-08-03 21:00:15,597 | INFO | ============================================================
2026-08-03 21:00:15,610 | INFO | No device provided, using cpu
2026-08-03 21:00:16,205 | INFO | HTTP Request: HEAD https://huggingface.co/sentence-transformers/all-MiniLM-L6-v2/resolve/main/modules.json "HTTP/1.1 307 Temporary Redirect"
2026-08-03 21:00:16,207 | WARNING | Warning: You are sending unauthenticated requests to the HF Hub. Please set a HF_TOKEN to enable higher rate limits and faster downloads.
2026-08-03 21:00:16,239 | INFO | HTTP Request: HEAD https://huggingface.co/api/resolve-cache/models/sentence-transformers/all-MiniLM-L6-v2/1110a243fdf4706b3f48f1d95db1a4f5529b4d41/modules.json "HTTP/1.1 200 OK"
2026-08-03 21:00:16,531 | INFO | HTTP Request: HEAD https://huggingface.co/sentence-transformers/all-MiniLM-L6-v2/resolve/main/config_sentence_transformers.json "HTTP/1.1 307 Temporary Redirect"
2026-08-03 21:00:16,549 | INFO | HTTP Request: HEAD https://huggingface.co/api/resolve-cache/models/sentence-transformers/all-MiniLM-L6-v2/1110a243fdf4706b3f48f1d95db1a4f5529b4d41/config_sentence_transformers.json "HTTP/1.1 200 OK"
2026-08-03 21:00:16,573 | INFO | Loading SentenceTransformer model from sentence-transformers/all-MiniLM-L6-v2.
2026-08-03 21:00:16,859 | INFO | HTTP Request: HEAD https://huggingface.co/sentence-transformers/all-MiniLM-L6-v2/resolve/main/config_sentence_transformers.json "HTTP/1.1 307 Temporary Redirect"
2026-08-03 21:00:16,928 | INFO | HTTP Request: HEAD https://huggingface.co/api/resolve-cache/models/sentence-transformers/all-MiniLM-L6-v2/1110a243fdf4706b3f48f1d95db1a4f5529b4d41/config_sentence_transformers.json "HTTP/1.1 200 OK"
2026-08-03 21:00:17,195 | INFO | HTTP Request: HEAD https://huggingface.co/sentence-transformers/all-MiniLM-L6-v2/resolve/main/README.md "HTTP/1.1 307 Temporary Redirect"
2026-08-03 21:00:17,213 | INFO | HTTP Request: HEAD https://huggingface.co/api/resolve-cache/models/sentence-transformers/all-MiniLM-L6-v2/1110a243fdf4706b3f48f1d95db1a4f5529b4d41/README.md "HTTP/1.1 200 OK"
2026-08-03 21:00:17,533 | INFO | HTTP Request: HEAD https://huggingface.co/sentence-transformers/all-MiniLM-L6-v2/resolve/main/modules.json "HTTP/1.1 307 Temporary Redirect"
2026-08-03 21:00:17,550 | INFO | HTTP Request: HEAD https://huggingface.co/api/resolve-cache/models/sentence-transformers/all-MiniLM-L6-v2/1110a243fdf4706b3f48f1d95db1a4f5529b4d41/modules.json "HTTP/1.1 200 OK"
2026-08-03 21:00:17,806 | INFO | HTTP Request: HEAD https://huggingface.co/sentence-transformers/all-MiniLM-L6-v2/resolve/main/sentence_bert_config.json "HTTP/1.1 307 Temporary Redirect"
2026-08-03 21:00:17,822 | INFO | HTTP Request: HEAD https://huggingface.co/api/resolve-cache/models/sentence-transformers/all-MiniLM-L6-v2/1110a243fdf4706b3f48f1d95db1a4f5529b4d41/sentence_bert_config.json "HTTP/1.1 200 OK"
2026-08-03 21:00:18,118 | INFO | HTTP Request: HEAD https://huggingface.co/sentence-transformers/all-MiniLM-L6-v2/resolve/main/adapter_config.json "HTTP/1.1 404 Not Found"
2026-08-03 21:00:18,371 | INFO | HTTP Request: HEAD https://huggingface.co/sentence-transformers/all-MiniLM-L6-v2/resolve/main/config.json "HTTP/1.1 307 Temporary Redirect"
2026-08-03 21:00:18,389 | INFO | HTTP Request: HEAD https://huggingface.co/api/resolve-cache/models/sentence-transformers/all-MiniLM-L6-v2/1110a243fdf4706b3f48f1d95db1a4f5529b4d41/config.json "HTTP/1.1 200 OK"
2026-08-03 21:00:19,247 | INFO | HTTP Request: HEAD https://huggingface.co/sentence-transformers/all-MiniLM-L6-v2/resolve/main/processor_config.json "HTTP/1.1 404 Not Found"
2026-08-03 21:00:19,489 | INFO | HTTP Request: HEAD https://huggingface.co/sentence-transformers/all-MiniLM-L6-v2/resolve/main/preprocessor_config.json "HTTP/1.1 404 Not Found"
2026-08-03 21:00:19,763 | INFO | HTTP Request: HEAD https://huggingface.co/sentence-transformers/all-MiniLM-L6-v2/resolve/main/video_preprocessor_config.json "HTTP/1.1 404 Not Found"
2026-08-03 21:00:20,047 | INFO | HTTP Request: HEAD https://huggingface.co/sentence-transformers/all-MiniLM-L6-v2/resolve/main/preprocessor_config.json "HTTP/1.1 404 Not Found"
2026-08-03 21:00:20,313 | INFO | HTTP Request: HEAD https://huggingface.co/sentence-transformers/all-MiniLM-L6-v2/resolve/main/tokenizer_config.json "HTTP/1.1 307 Temporary Redirect"
2026-08-03 21:00:20,331 | INFO | HTTP Request: HEAD https://huggingface.co/api/resolve-cache/models/sentence-transformers/all-MiniLM-L6-v2/1110a243fdf4706b3f48f1d95db1a4f5529b4d41/tokenizer_config.json "HTTP/1.1 200 OK"
2026-08-03 21:00:20,608 | INFO | HTTP Request: HEAD https://huggingface.co/sentence-transformers/all-MiniLM-L6-v2/resolve/main/config.json "HTTP/1.1 307 Temporary Redirect"
2026-08-03 21:00:20,624 | INFO | HTTP Request: HEAD https://huggingface.co/api/resolve-cache/models/sentence-transformers/all-MiniLM-L6-v2/1110a243fdf4706b3f48f1d95db1a4f5529b4d41/config.json "HTTP/1.1 200 OK"
2026-08-03 21:00:20,896 | INFO | HTTP Request: HEAD https://huggingface.co/sentence-transformers/all-MiniLM-L6-v2/resolve/main/config.json "HTTP/1.1 307 Temporary Redirect"
2026-08-03 21:00:20,912 | INFO | HTTP Request: HEAD https://huggingface.co/api/resolve-cache/models/sentence-transformers/all-MiniLM-L6-v2/1110a243fdf4706b3f48f1d95db1a4f5529b4d41/config.json "HTTP/1.1 200 OK"
2026-08-03 21:00:21,154 | INFO | HTTP Request: HEAD https://huggingface.co/sentence-transformers/all-MiniLM-L6-v2/resolve/main/tokenizer_config.json "HTTP/1.1 307 Temporary Redirect"
2026-08-03 21:00:21,172 | INFO | HTTP Request: HEAD https://huggingface.co/api/resolve-cache/models/sentence-transformers/all-MiniLM-L6-v2/1110a243fdf4706b3f48f1d95db1a4f5529b4d41/tokenizer_config.json "HTTP/1.1 200 OK"
2026-08-03 21:00:21,447 | INFO | HTTP Request: GET https://huggingface.co/api/models/sentence-transformers/all-MiniLM-L6-v2/tree/main/additional_chat_templates?recursive=false&expand=false "HTTP/1.1 404 Not Found"
2026-08-03 21:00:21,720 | INFO | HTTP Request: GET https://huggingface.co/api/models/sentence-transformers/all-MiniLM-L6-v2/tree/main?recursive=true&expand=false "HTTP/1.1 200 OK"
2026-08-03 21:00:22,490 | INFO | HTTP Request: HEAD https://huggingface.co/sentence-transformers/all-MiniLM-L6-v2/resolve/main/1_Pooling/config.json "HTTP/1.1 307 Temporary Redirect"
2026-08-03 21:00:22,541 | INFO | HTTP Request: HEAD https://huggingface.co/api/resolve-cache/models/sentence-transformers/all-MiniLM-L6-v2/1110a243fdf4706b3f48f1d95db1a4f5529b4d41/1_Pooling%2Fconfig.json "HTTP/1.1 200 OK"
2026-08-03 21:00:22,865 | INFO | HTTP Request: GET https://huggingface.co/api/models/sentence-transformers/all-MiniLM-L6-v2 "HTTP/1.1 200 OK"
2026-08-03 21:00:22,893 | INFO | Model Loaded : all-MiniLM-L6-v2
2026-08-03 21:00:23,290 | INFO | ============================================================
2026-08-03 21:00:23,291 | INFO | Preferred Domain Received = Backend Development
2026-08-03 21:00:23,291 | INFO | ============================================================
2026-08-03 21:00:23,328 | INFO | Top 10 Recommendations Generated
2026-08-03 21:06:54,410 | INFO | ======================================================================
2026-08-03 21:06:54,411 | INFO | Generating Internship Recommendations
2026-08-03 21:06:54,411 | INFO | ======================================================================
2026-08-03 21:06:54,565 | INFO | ============================================================
2026-08-03 21:06:54,566 | INFO | Preferred Domain Received = Backend Development
2026-08-03 21:06:54,566 | INFO | ============================================================
2026-08-03 21:06:54,590 | INFO | Top 10 Recommendations Generated
2026-08-03 21:22:35,058 | INFO | ======================================================================
2026-08-03 21:22:35,059 | INFO | Generating Internship Recommendations
2026-08-03 21:22:35,059 | INFO | ======================================================================
2026-08-03 21:22:35,327 | INFO | ============================================================
2026-08-03 21:22:35,327 | INFO | Preferred Domain Received = Backend Development
2026-08-03 21:22:35,328 | INFO | ============================================================
2026-08-03 21:22:35,377 | INFO | Top 10 Recommendations Generated
2026-08-04 11:19:23,273 | INFO | ======================================================================
2026-08-04 11:19:23,273 | INFO | Loading Recommendation Engine
2026-08-04 11:19:23,274 | INFO | ======================================================================
2026-08-04 11:19:23,374 | INFO | Dataset Loaded : 6805 internships
2026-08-04 11:19:23,374 | INFO | Embeddings Shape : (6805, 384)
2026-08-04 11:23:29,459 | INFO | ======================================================================
2026-08-04 11:23:29,459 | INFO | Generating Internship Recommendations
2026-08-04 11:23:29,460 | INFO | ======================================================================
2026-08-04 11:23:29,460 | INFO | ============================================================
2026-08-04 11:23:29,460 | INFO | Loading Embedding Model
2026-08-04 11:23:29,461 | INFO | ============================================================
2026-08-04 11:23:29,474 | INFO | No device provided, using cpu
2026-08-04 11:23:30,244 | INFO | HTTP Request: GET https://huggingface.co/api/agent-harnesses "HTTP/1.1 200 OK"
2026-08-04 11:23:30,613 | INFO | HTTP Request: HEAD https://huggingface.co/sentence-transformers/all-MiniLM-L6-v2/resolve/main/modules.json "HTTP/1.1 307 Temporary Redirect"
2026-08-04 11:23:30,614 | WARNING | Warning: You are sending unauthenticated requests to the HF Hub. Please set a HF_TOKEN to enable higher rate limits and faster downloads.
2026-08-04 11:23:30,723 | INFO | HTTP Request: HEAD https://huggingface.co/api/resolve-cache/models/sentence-transformers/all-MiniLM-L6-v2/1110a243fdf4706b3f48f1d95db1a4f5529b4d41/modules.json "HTTP/1.1 200 OK"
2026-08-04 11:23:31,014 | INFO | HTTP Request: HEAD https://huggingface.co/sentence-transformers/all-MiniLM-L6-v2/resolve/main/config_sentence_transformers.json "HTTP/1.1 307 Temporary Redirect"
2026-08-04 11:23:31,123 | INFO | HTTP Request: HEAD https://huggingface.co/api/resolve-cache/models/sentence-transformers/all-MiniLM-L6-v2/1110a243fdf4706b3f48f1d95db1a4f5529b4d41/config_sentence_transformers.json "HTTP/1.1 200 OK"
2026-08-04 11:23:31,126 | INFO | Loading SentenceTransformer model from sentence-transformers/all-MiniLM-L6-v2.
2026-08-04 11:23:31,500 | INFO | HTTP Request: HEAD https://huggingface.co/sentence-transformers/all-MiniLM-L6-v2/resolve/main/config_sentence_transformers.json "HTTP/1.1 307 Temporary Redirect"
2026-08-04 11:23:31,599 | INFO | HTTP Request: HEAD https://huggingface.co/api/resolve-cache/models/sentence-transformers/all-MiniLM-L6-v2/1110a243fdf4706b3f48f1d95db1a4f5529b4d41/config_sentence_transformers.json "HTTP/1.1 200 OK"
2026-08-04 11:23:31,826 | INFO | HTTP Request: HEAD https://huggingface.co/sentence-transformers/all-MiniLM-L6-v2/resolve/main/README.md "HTTP/1.1 307 Temporary Redirect"
2026-08-04 11:23:31,847 | INFO | HTTP Request: HEAD https://huggingface.co/api/resolve-cache/models/sentence-transformers/all-MiniLM-L6-v2/1110a243fdf4706b3f48f1d95db1a4f5529b4d41/README.md "HTTP/1.1 200 OK"
2026-08-04 11:23:32,154 | INFO | HTTP Request: HEAD https://huggingface.co/sentence-transformers/all-MiniLM-L6-v2/resolve/main/modules.json "HTTP/1.1 307 Temporary Redirect"
2026-08-04 11:23:32,171 | INFO | HTTP Request: HEAD https://huggingface.co/api/resolve-cache/models/sentence-transformers/all-MiniLM-L6-v2/1110a243fdf4706b3f48f1d95db1a4f5529b4d41/modules.json "HTTP/1.1 200 OK"
2026-08-04 11:23:32,417 | INFO | HTTP Request: HEAD https://huggingface.co/sentence-transformers/all-MiniLM-L6-v2/resolve/main/sentence_bert_config.json "HTTP/1.1 307 Temporary Redirect"
2026-08-04 11:23:32,441 | INFO | HTTP Request: HEAD https://huggingface.co/api/resolve-cache/models/sentence-transformers/all-MiniLM-L6-v2/1110a243fdf4706b3f48f1d95db1a4f5529b4d41/sentence_bert_config.json "HTTP/1.1 200 OK"
2026-08-04 11:23:32,674 | INFO | HTTP Request: HEAD https://huggingface.co/sentence-transformers/all-MiniLM-L6-v2/resolve/main/adapter_config.json "HTTP/1.1 404 Not Found"
2026-08-04 11:23:33,040 | INFO | HTTP Request: HEAD https://huggingface.co/sentence-transformers/all-MiniLM-L6-v2/resolve/main/config.json "HTTP/1.1 307 Temporary Redirect"
2026-08-04 11:23:33,052 | INFO | HTTP Request: HEAD https://huggingface.co/api/resolve-cache/models/sentence-transformers/all-MiniLM-L6-v2/1110a243fdf4706b3f48f1d95db1a4f5529b4d41/config.json "HTTP/1.1 200 OK"
2026-08-04 11:23:33,700 | INFO | HTTP Request: HEAD https://huggingface.co/sentence-transformers/all-MiniLM-L6-v2/resolve/main/processor_config.json "HTTP/1.1 404 Not Found"
2026-08-04 11:23:33,990 | INFO | HTTP Request: HEAD https://huggingface.co/sentence-transformers/all-MiniLM-L6-v2/resolve/main/preprocessor_config.json "HTTP/1.1 404 Not Found"
2026-08-04 11:23:34,415 | INFO | HTTP Request: HEAD https://huggingface.co/sentence-transformers/all-MiniLM-L6-v2/resolve/main/video_preprocessor_config.json "HTTP/1.1 404 Not Found"
2026-08-04 11:23:34,698 | INFO | HTTP Request: HEAD https://huggingface.co/sentence-transformers/all-MiniLM-L6-v2/resolve/main/preprocessor_config.json "HTTP/1.1 404 Not Found"
2026-08-04 11:23:35,131 | INFO | HTTP Request: HEAD https://huggingface.co/sentence-transformers/all-MiniLM-L6-v2/resolve/main/tokenizer_config.json "HTTP/1.1 307 Temporary Redirect"
2026-08-04 11:23:35,146 | INFO | HTTP Request: HEAD https://huggingface.co/api/resolve-cache/models/sentence-transformers/all-MiniLM-L6-v2/1110a243fdf4706b3f48f1d95db1a4f5529b4d41/tokenizer_config.json "HTTP/1.1 200 OK"
2026-08-04 11:23:35,393 | INFO | HTTP Request: HEAD https://huggingface.co/sentence-transformers/all-MiniLM-L6-v2/resolve/main/config.json "HTTP/1.1 307 Temporary Redirect"
2026-08-04 11:23:35,416 | INFO | HTTP Request: HEAD https://huggingface.co/api/resolve-cache/models/sentence-transformers/all-MiniLM-L6-v2/1110a243fdf4706b3f48f1d95db1a4f5529b4d41/config.json "HTTP/1.1 200 OK"
2026-08-04 11:23:35,688 | INFO | HTTP Request: HEAD https://huggingface.co/sentence-transformers/all-MiniLM-L6-v2/resolve/main/config.json "HTTP/1.1 307 Temporary Redirect"
2026-08-04 11:23:35,736 | INFO | HTTP Request: HEAD https://huggingface.co/api/resolve-cache/models/sentence-transformers/all-MiniLM-L6-v2/1110a243fdf4706b3f48f1d95db1a4f5529b4d41/config.json "HTTP/1.1 200 OK"
2026-08-04 11:23:36,029 | INFO | HTTP Request: HEAD https://huggingface.co/sentence-transformers/all-MiniLM-L6-v2/resolve/main/tokenizer_config.json "HTTP/1.1 307 Temporary Redirect"
2026-08-04 11:23:36,052 | INFO | HTTP Request: HEAD https://huggingface.co/api/resolve-cache/models/sentence-transformers/all-MiniLM-L6-v2/1110a243fdf4706b3f48f1d95db1a4f5529b4d41/tokenizer_config.json "HTTP/1.1 200 OK"
2026-08-04 11:23:36,363 | INFO | HTTP Request: GET https://huggingface.co/api/models/sentence-transformers/all-MiniLM-L6-v2/tree/main/additional_chat_templates?recursive=false&expand=false "HTTP/1.1 404 Not Found"
2026-08-04 11:23:36,616 | INFO | HTTP Request: GET https://huggingface.co/api/models/sentence-transformers/all-MiniLM-L6-v2/tree/main?recursive=true&expand=false "HTTP/1.1 200 OK"
2026-08-04 11:23:36,967 | INFO | HTTP Request: HEAD https://huggingface.co/sentence-transformers/all-MiniLM-L6-v2/resolve/main/1_Pooling/config.json "HTTP/1.1 307 Temporary Redirect"
2026-08-04 11:23:36,982 | INFO | HTTP Request: HEAD https://huggingface.co/api/resolve-cache/models/sentence-transformers/all-MiniLM-L6-v2/1110a243fdf4706b3f48f1d95db1a4f5529b4d41/1_Pooling%2Fconfig.json "HTTP/1.1 200 OK"
2026-08-04 11:23:37,239 | INFO | HTTP Request: GET https://huggingface.co/api/models/sentence-transformers/all-MiniLM-L6-v2 "HTTP/1.1 200 OK"
2026-08-04 11:23:37,272 | INFO | Model Loaded : all-MiniLM-L6-v2
2026-08-04 11:23:37,719 | INFO | ============================================================
2026-08-04 11:23:37,720 | INFO | Preferred Domain Received = Backend Development
2026-08-04 11:23:37,720 | INFO | ============================================================
2026-08-04 11:23:37,757 | INFO | Top 10 Recommendations Generated
2026-08-04 11:25:18,791 | INFO | ======================================================================
2026-08-04 11:25:18,792 | INFO | Generating Internship Recommendations
2026-08-04 11:25:18,792 | INFO | ======================================================================
2026-08-04 11:25:19,099 | INFO | ============================================================
2026-08-04 11:25:19,100 | INFO | Preferred Domain Received = Backend Development
2026-08-04 11:25:19,101 | INFO | ============================================================
2026-08-04 11:25:19,137 | INFO | Top 10 Recommendations Generated
2026-08-04 11:33:19,965 | INFO | ======================================================================
2026-08-04 11:33:19,965 | INFO | Generating Internship Recommendations
2026-08-04 11:33:19,965 | INFO | ======================================================================
2026-08-04 11:33:20,182 | INFO | ============================================================
2026-08-04 11:33:20,182 | INFO | Preferred Domain Received = Backend Development
2026-08-04 11:33:20,183 | INFO | ============================================================
2026-08-04 11:33:20,220 | INFO | Top 10 Recommendations Generated
2026-08-04 11:33:37,748 | INFO | ======================================================================
2026-08-04 11:33:37,749 | INFO | Generating Internship Recommendations
2026-08-04 11:33:37,749 | INFO | ======================================================================
2026-08-04 11:33:37,998 | INFO | ============================================================
2026-08-04 11:33:37,998 | INFO | Preferred Domain Received = Artificial Intelligence
2026-08-04 11:33:37,998 | INFO | ============================================================
2026-08-04 11:33:38,042 | INFO | Top 10 Recommendations Generated
2026-08-04 11:35:26,651 | INFO | ======================================================================
2026-08-04 11:35:26,652 | INFO | Generating Internship Recommendations
2026-08-04 11:35:26,653 | INFO | ======================================================================
2026-08-04 11:35:26,959 | INFO | ============================================================
2026-08-04 11:35:26,960 | INFO | Preferred Domain Received = Backend Development
2026-08-04 11:35:26,960 | INFO | ============================================================
2026-08-04 11:35:26,995 | INFO | Top 10 Recommendations Generated
2026-08-04 11:35:40,988 | INFO | ======================================================================
2026-08-04 11:35:40,989 | INFO | Generating Internship Recommendations
2026-08-04 11:35:40,989 | INFO | ======================================================================
2026-08-04 11:35:41,322 | INFO | ============================================================
2026-08-04 11:35:41,322 | INFO | Preferred Domain Received = Others
2026-08-04 11:35:41,323 | INFO | ============================================================
2026-08-04 11:35:41,944 | INFO | Top 10 Recommendations Generated
2026-08-04 11:36:12,256 | INFO | ======================================================================
2026-08-04 11:36:12,258 | INFO | Generating Internship Recommendations
2026-08-04 11:36:12,258 | INFO | ======================================================================
2026-08-04 11:36:12,564 | INFO | ============================================================
2026-08-04 11:36:12,565 | INFO | Preferred Domain Received = Others
2026-08-04 11:36:12,566 | INFO | ============================================================
2026-08-04 11:36:13,144 | INFO | Top 10 Recommendations Generated
2026-08-06 08:41:09,534 | INFO | ======================================================================
2026-08-06 08:41:09,535 | INFO | Loading Recommendation Engine
2026-08-06 08:41:09,536 | INFO | ======================================================================
2026-08-06 08:41:09,708 | INFO | Dataset Loaded : 6805 internships
2026-08-06 08:41:09,709 | INFO | Embeddings Shape : (6805, 384)
2026-08-06 08:41:37,523 | INFO | ======================================================================
2026-08-06 08:41:37,524 | INFO | Generating Internship Recommendations
2026-08-06 08:41:37,524 | INFO | ======================================================================
2026-08-06 08:41:37,525 | INFO | ============================================================
2026-08-06 08:41:37,525 | INFO | Loading Embedding Model
2026-08-06 08:41:37,526 | INFO | ============================================================
2026-08-06 08:41:37,536 | INFO | No device provided, using cpu
2026-08-06 08:41:57,996 | INFO | HTTP Request: HEAD https://huggingface.co/sentence-transformers/all-MiniLM-L6-v2/resolve/main/modules.json "HTTP/1.1 307 Temporary Redirect"
2026-08-06 08:41:58,071 | INFO | HTTP Request: HEAD https://huggingface.co/api/resolve-cache/models/sentence-transformers/all-MiniLM-L6-v2/1110a243fdf4706b3f48f1d95db1a4f5529b4d41/modules.json "HTTP/1.1 200 OK"
2026-08-06 08:41:58,408 | INFO | HTTP Request: HEAD https://huggingface.co/sentence-transformers/all-MiniLM-L6-v2/resolve/main/config_sentence_transformers.json "HTTP/1.1 307 Temporary Redirect"
2026-08-06 08:41:58,488 | INFO | HTTP Request: HEAD https://huggingface.co/api/resolve-cache/models/sentence-transformers/all-MiniLM-L6-v2/1110a243fdf4706b3f48f1d95db1a4f5529b4d41/config_sentence_transformers.json "HTTP/1.1 200 OK"
2026-08-06 08:41:58,507 | INFO | Loading SentenceTransformer model from sentence-transformers/all-MiniLM-L6-v2.
2026-08-06 08:41:58,813 | INFO | HTTP Request: HEAD https://huggingface.co/sentence-transformers/all-MiniLM-L6-v2/resolve/main/config_sentence_transformers.json "HTTP/1.1 307 Temporary Redirect"
2026-08-06 08:41:58,890 | INFO | HTTP Request: HEAD https://huggingface.co/api/resolve-cache/models/sentence-transformers/all-MiniLM-L6-v2/1110a243fdf4706b3f48f1d95db1a4f5529b4d41/config_sentence_transformers.json "HTTP/1.1 200 OK"
2026-08-06 08:41:59,122 | INFO | HTTP Request: HEAD https://huggingface.co/sentence-transformers/all-MiniLM-L6-v2/resolve/main/README.md "HTTP/1.1 307 Temporary Redirect"
2026-08-06 08:41:59,123 | WARNING | Warning: You are sending unauthenticated requests to the HF Hub. Please set a HF_TOKEN to enable higher rate limits and faster downloads.
2026-08-06 08:41:59,196 | INFO | HTTP Request: HEAD https://huggingface.co/api/resolve-cache/models/sentence-transformers/all-MiniLM-L6-v2/1110a243fdf4706b3f48f1d95db1a4f5529b4d41/README.md "HTTP/1.1 200 OK"
2026-08-06 08:41:59,608 | INFO | HTTP Request: HEAD https://huggingface.co/sentence-transformers/all-MiniLM-L6-v2/resolve/main/modules.json "HTTP/1.1 307 Temporary Redirect"
2026-08-06 08:41:59,630 | INFO | HTTP Request: HEAD https://huggingface.co/api/resolve-cache/models/sentence-transformers/all-MiniLM-L6-v2/1110a243fdf4706b3f48f1d95db1a4f5529b4d41/modules.json "HTTP/1.1 200 OK"
2026-08-06 08:42:00,016 | INFO | HTTP Request: HEAD https://huggingface.co/sentence-transformers/all-MiniLM-L6-v2/resolve/main/sentence_bert_config.json "HTTP/1.1 307 Temporary Redirect"
2026-08-06 08:42:00,039 | INFO | HTTP Request: HEAD https://huggingface.co/api/resolve-cache/models/sentence-transformers/all-MiniLM-L6-v2/1110a243fdf4706b3f48f1d95db1a4f5529b4d41/sentence_bert_config.json "HTTP/1.1 200 OK"
2026-08-06 08:42:00,346 | INFO | HTTP Request: HEAD https://huggingface.co/sentence-transformers/all-MiniLM-L6-v2/resolve/main/adapter_config.json "HTTP/1.1 404 Not Found"
2026-08-06 08:42:00,631 | INFO | HTTP Request: HEAD https://huggingface.co/sentence-transformers/all-MiniLM-L6-v2/resolve/main/config.json "HTTP/1.1 307 Temporary Redirect"
2026-08-06 08:42:00,645 | INFO | HTTP Request: HEAD https://huggingface.co/api/resolve-cache/models/sentence-transformers/all-MiniLM-L6-v2/1110a243fdf4706b3f48f1d95db1a4f5529b4d41/config.json "HTTP/1.1 200 OK"
2026-08-06 08:42:01,451 | INFO | HTTP Request: HEAD https://huggingface.co/sentence-transformers/all-MiniLM-L6-v2/resolve/main/processor_config.json "HTTP/1.1 404 Not Found"
2026-08-06 08:42:01,687 | INFO | HTTP Request: HEAD https://huggingface.co/sentence-transformers/all-MiniLM-L6-v2/resolve/main/preprocessor_config.json "HTTP/1.1 404 Not Found"
2026-08-06 08:42:01,995 | INFO | HTTP Request: HEAD https://huggingface.co/sentence-transformers/all-MiniLM-L6-v2/resolve/main/video_preprocessor_config.json "HTTP/1.1 404 Not Found"
2026-08-06 08:42:02,283 | INFO | HTTP Request: HEAD https://huggingface.co/sentence-transformers/all-MiniLM-L6-v2/resolve/main/preprocessor_config.json "HTTP/1.1 404 Not Found"
2026-08-06 08:42:02,579 | INFO | HTTP Request: HEAD https://huggingface.co/sentence-transformers/all-MiniLM-L6-v2/resolve/main/tokenizer_config.json "HTTP/1.1 307 Temporary Redirect"
2026-08-06 08:42:02,601 | INFO | HTTP Request: HEAD https://huggingface.co/api/resolve-cache/models/sentence-transformers/all-MiniLM-L6-v2/1110a243fdf4706b3f48f1d95db1a4f5529b4d41/tokenizer_config.json "HTTP/1.1 200 OK"
2026-08-06 08:42:02,916 | INFO | HTTP Request: HEAD https://huggingface.co/sentence-transformers/all-MiniLM-L6-v2/resolve/main/config.json "HTTP/1.1 307 Temporary Redirect"
2026-08-06 08:42:03,010 | INFO | HTTP Request: HEAD https://huggingface.co/api/resolve-cache/models/sentence-transformers/all-MiniLM-L6-v2/1110a243fdf4706b3f48f1d95db1a4f5529b4d41/config.json "HTTP/1.1 200 OK"
2026-08-06 08:42:03,316 | INFO | HTTP Request: HEAD https://huggingface.co/sentence-transformers/all-MiniLM-L6-v2/resolve/main/config.json "HTTP/1.1 307 Temporary Redirect"
2026-08-06 08:42:03,395 | INFO | HTTP Request: HEAD https://huggingface.co/api/resolve-cache/models/sentence-transformers/all-MiniLM-L6-v2/1110a243fdf4706b3f48f1d95db1a4f5529b4d41/config.json "HTTP/1.1 200 OK"
2026-08-06 08:42:03,633 | INFO | HTTP Request: HEAD https://huggingface.co/sentence-transformers/all-MiniLM-L6-v2/resolve/main/tokenizer_config.json "HTTP/1.1 307 Temporary Redirect"
2026-08-06 08:42:03,712 | INFO | HTTP Request: HEAD https://huggingface.co/api/resolve-cache/models/sentence-transformers/all-MiniLM-L6-v2/1110a243fdf4706b3f48f1d95db1a4f5529b4d41/tokenizer_config.json "HTTP/1.1 200 OK"
2026-08-06 08:42:04,040 | INFO | HTTP Request: GET https://huggingface.co/api/models/sentence-transformers/all-MiniLM-L6-v2/tree/main/additional_chat_templates?recursive=false&expand=false "HTTP/1.1 404 Not Found"
2026-08-06 08:42:04,340 | INFO | HTTP Request: GET https://huggingface.co/api/models/sentence-transformers/all-MiniLM-L6-v2/tree/main?recursive=true&expand=false "HTTP/1.1 200 OK"
2026-08-06 08:42:04,750 | INFO | HTTP Request: HEAD https://huggingface.co/sentence-transformers/all-MiniLM-L6-v2/resolve/main/1_Pooling/config.json "HTTP/1.1 307 Temporary Redirect"
2026-08-06 08:42:04,828 | INFO | HTTP Request: HEAD https://huggingface.co/api/resolve-cache/models/sentence-transformers/all-MiniLM-L6-v2/1110a243fdf4706b3f48f1d95db1a4f5529b4d41/1_Pooling%2Fconfig.json "HTTP/1.1 200 OK"
2026-08-06 08:42:05,136 | INFO | HTTP Request: GET https://huggingface.co/api/models/sentence-transformers/all-MiniLM-L6-v2 "HTTP/1.1 200 OK"
2026-08-06 08:42:05,162 | INFO | Model Loaded : all-MiniLM-L6-v2
2026-08-06 08:42:05,614 | INFO | ============================================================
2026-08-06 08:42:05,614 | INFO | Preferred Domain Received = Artificial Intelligence
2026-08-06 08:42:05,615 | INFO | ============================================================
2026-08-06 08:42:05,668 | INFO | Top 10 Recommendations Generated
2026-08-06 08:45:02,640 | INFO | ======================================================================
2026-08-06 08:45:02,640 | INFO | Generating Internship Recommendations
2026-08-06 08:45:02,641 | INFO | ======================================================================
2026-08-06 08:45:02,819 | INFO | ============================================================
2026-08-06 08:45:02,819 | INFO | Preferred Domain Received = Others
2026-08-06 08:45:02,819 | INFO | ============================================================
2026-08-06 08:45:03,073 | INFO | Top 10 Recommendations Generated
2026-08-06 09:09:07,648 | INFO | ======================================================================
2026-08-06 09:09:07,650 | INFO | Loading Recommendation Engine
2026-08-06 09:09:07,650 | INFO | ======================================================================
2026-08-06 09:09:07,892 | INFO | Dataset Loaded : 6805 internships
2026-08-06 09:09:07,895 | INFO | Embeddings Shape : (6805, 384)
2026-08-06 09:09:31,249 | INFO | ======================================================================
2026-08-06 09:09:31,250 | INFO | Loading Recommendation Engine
2026-08-06 09:09:31,250 | INFO | ======================================================================
2026-08-06 09:09:31,364 | INFO | Dataset Loaded : 6805 internships
2026-08-06 09:09:31,365 | INFO | Embeddings Shape : (6805, 384)
2026-08-06 09:09:55,032 | INFO | ======================================================================
2026-08-06 09:09:55,032 | INFO | Loading Recommendation Engine
2026-08-06 09:09:55,032 | INFO | ======================================================================
2026-08-06 09:09:55,117 | INFO | Dataset Loaded : 6805 internships
2026-08-06 09:09:55,117 | INFO | Embeddings Shape : (6805, 384)
2026-08-06 09:10:19,947 | INFO | ======================================================================
2026-08-06 09:10:19,948 | INFO | Loading Recommendation Engine
2026-08-06 09:10:19,949 | INFO | ======================================================================
2026-08-06 09:10:20,055 | INFO | Dataset Loaded : 6805 internships
2026-08-06 09:10:20,055 | INFO | Embeddings Shape : (6805, 384)
2026-08-06 09:11:34,185 | INFO | ======================================================================
2026-08-06 09:11:34,186 | INFO | Loading Recommendation Engine
2026-08-06 09:11:34,187 | INFO | ======================================================================
2026-08-06 09:11:34,423 | INFO | Dataset Loaded : 6805 internships
2026-08-06 09:11:34,424 | INFO | Embeddings Shape : (6805, 384)
2026-08-06 09:26:55,111 | INFO | ======================================================================
2026-08-06 09:26:55,112 | INFO | Loading Recommendation Engine
2026-08-06 09:26:55,112 | INFO | ======================================================================
2026-08-06 09:26:55,235 | INFO | Dataset Loaded : 6805 internships
2026-08-06 09:26:55,235 | INFO | Embeddings Shape : (6805, 384)
2026-08-06 09:27:43,479 | INFO | ======================================================================
2026-08-06 09:27:43,479 | INFO | Loading Recommendation Engine
2026-08-06 09:27:43,479 | INFO | ======================================================================
2026-08-06 09:27:43,649 | INFO | Dataset Loaded : 6805 internships
2026-08-06 09:27:43,649 | INFO | Embeddings Shape : (6805, 384)
2026-08-06 09:28:26,220 | INFO | ======================================================================
2026-08-06 09:28:26,221 | INFO | Loading Recommendation Engine
2026-08-06 09:28:26,222 | INFO | ======================================================================
2026-08-06 09:28:26,360 | INFO | Dataset Loaded : 6805 internships
2026-08-06 09:28:26,361 | INFO | Embeddings Shape : (6805, 384)
2026-08-06 09:32:07,975 | INFO | ======================================================================
2026-08-06 09:32:07,976 | INFO | Loading Recommendation Engine
2026-08-06 09:32:07,976 | INFO | ======================================================================
2026-08-06 09:32:08,119 | INFO | Dataset Loaded : 6805 internships
2026-08-06 09:32:08,122 | INFO | Embeddings Shape : (6805, 384)
2026-08-06 20:17:50,740 | INFO | ======================================================================
2026-08-06 20:17:50,742 | INFO | Loading Recommendation Engine
2026-08-06 20:17:50,742 | INFO | ======================================================================
2026-08-06 20:17:50,922 | INFO | Dataset Loaded : 6805 internships
2026-08-06 20:17:50,923 | INFO | Embeddings Shape : (6805, 384)
2026-08-06 20:19:07,332 | INFO | ======================================================================
2026-08-06 20:19:07,333 | INFO | Generating Internship Recommendations
2026-08-06 20:19:07,333 | INFO | ======================================================================
2026-08-06 20:19:07,334 | INFO | ============================================================
2026-08-06 20:19:07,334 | INFO | Loading Embedding Model
2026-08-06 20:19:07,335 | INFO | ============================================================
2026-08-06 20:19:07,347 | INFO | No device provided, using cpu
2026-08-06 20:19:09,121 | INFO | HTTP Request: GET https://huggingface.co/api/agent-harnesses "HTTP/1.1 200 OK"
2026-08-06 20:19:09,388 | INFO | HTTP Request: HEAD https://huggingface.co/sentence-transformers/all-MiniLM-L6-v2/resolve/main/modules.json "HTTP/1.1 307 Temporary Redirect"
2026-08-06 20:19:09,389 | WARNING | Warning: You are sending unauthenticated requests to the HF Hub. Please set a HF_TOKEN to enable higher rate limits and faster downloads.
2026-08-06 20:19:09,431 | INFO | HTTP Request: HEAD https://huggingface.co/api/resolve-cache/models/sentence-transformers/all-MiniLM-L6-v2/1110a243fdf4706b3f48f1d95db1a4f5529b4d41/modules.json "HTTP/1.1 200 OK"
2026-08-06 20:19:09,680 | INFO | HTTP Request: HEAD https://huggingface.co/sentence-transformers/all-MiniLM-L6-v2/resolve/main/config_sentence_transformers.json "HTTP/1.1 307 Temporary Redirect"
2026-08-06 20:19:09,705 | INFO | HTTP Request: HEAD https://huggingface.co/api/resolve-cache/models/sentence-transformers/all-MiniLM-L6-v2/1110a243fdf4706b3f48f1d95db1a4f5529b4d41/config_sentence_transformers.json "HTTP/1.1 200 OK"
2026-08-06 20:19:09,707 | INFO | Loading SentenceTransformer model from sentence-transformers/all-MiniLM-L6-v2.
2026-08-06 20:19:09,957 | INFO | HTTP Request: HEAD https://huggingface.co/sentence-transformers/all-MiniLM-L6-v2/resolve/main/config_sentence_transformers.json "HTTP/1.1 307 Temporary Redirect"
2026-08-06 20:19:09,982 | INFO | HTTP Request: HEAD https://huggingface.co/api/resolve-cache/models/sentence-transformers/all-MiniLM-L6-v2/1110a243fdf4706b3f48f1d95db1a4f5529b4d41/config_sentence_transformers.json "HTTP/1.1 200 OK"
2026-08-06 20:19:10,249 | INFO | HTTP Request: HEAD https://huggingface.co/sentence-transformers/all-MiniLM-L6-v2/resolve/main/README.md "HTTP/1.1 307 Temporary Redirect"
2026-08-06 20:19:10,314 | INFO | HTTP Request: HEAD https://huggingface.co/api/resolve-cache/models/sentence-transformers/all-MiniLM-L6-v2/1110a243fdf4706b3f48f1d95db1a4f5529b4d41/README.md "HTTP/1.1 200 OK"
2026-08-06 20:19:10,593 | INFO | HTTP Request: HEAD https://huggingface.co/sentence-transformers/all-MiniLM-L6-v2/resolve/main/modules.json "HTTP/1.1 307 Temporary Redirect"
2026-08-06 20:19:10,617 | INFO | HTTP Request: HEAD https://huggingface.co/api/resolve-cache/models/sentence-transformers/all-MiniLM-L6-v2/1110a243fdf4706b3f48f1d95db1a4f5529b4d41/modules.json "HTTP/1.1 200 OK"
2026-08-06 20:19:10,857 | INFO | HTTP Request: HEAD https://huggingface.co/sentence-transformers/all-MiniLM-L6-v2/resolve/main/sentence_bert_config.json "HTTP/1.1 307 Temporary Redirect"
2026-08-06 20:19:10,890 | INFO | HTTP Request: HEAD https://huggingface.co/api/resolve-cache/models/sentence-transformers/all-MiniLM-L6-v2/1110a243fdf4706b3f48f1d95db1a4f5529b4d41/sentence_bert_config.json "HTTP/1.1 200 OK"
2026-08-06 20:19:11,152 | INFO | HTTP Request: HEAD https://huggingface.co/sentence-transformers/all-MiniLM-L6-v2/resolve/main/adapter_config.json "HTTP/1.1 404 Not Found"
2026-08-06 20:19:11,522 | INFO | HTTP Request: HEAD https://huggingface.co/sentence-transformers/all-MiniLM-L6-v2/resolve/main/config.json "HTTP/1.1 307 Temporary Redirect"
2026-08-06 20:19:11,628 | INFO | HTTP Request: HEAD https://huggingface.co/api/resolve-cache/models/sentence-transformers/all-MiniLM-L6-v2/1110a243fdf4706b3f48f1d95db1a4f5529b4d41/config.json "HTTP/1.1 200 OK"
2026-08-06 20:19:31,593 | INFO | HTTP Request: HEAD https://huggingface.co/sentence-transformers/all-MiniLM-L6-v2/resolve/main/processor_config.json "HTTP/1.1 404 Not Found"
2026-08-06 20:19:32,127 | INFO | HTTP Request: HEAD https://huggingface.co/sentence-transformers/all-MiniLM-L6-v2/resolve/main/preprocessor_config.json "HTTP/1.1 404 Not Found"
2026-08-06 20:19:33,074 | INFO | HTTP Request: HEAD https://huggingface.co/sentence-transformers/all-MiniLM-L6-v2/resolve/main/video_preprocessor_config.json "HTTP/1.1 404 Not Found"
2026-08-06 20:19:33,714 | INFO | HTTP Request: HEAD https://huggingface.co/sentence-transformers/all-MiniLM-L6-v2/resolve/main/preprocessor_config.json "HTTP/1.1 404 Not Found"
2026-08-06 20:19:34,775 | INFO | HTTP Request: HEAD https://huggingface.co/sentence-transformers/all-MiniLM-L6-v2/resolve/main/tokenizer_config.json "HTTP/1.1 307 Temporary Redirect"
2026-08-06 20:19:35,410 | INFO | HTTP Request: HEAD https://huggingface.co/api/resolve-cache/models/sentence-transformers/all-MiniLM-L6-v2/1110a243fdf4706b3f48f1d95db1a4f5529b4d41/tokenizer_config.json "HTTP/1.1 200 OK"
2026-08-06 20:19:36,238 | INFO | HTTP Request: HEAD https://huggingface.co/sentence-transformers/all-MiniLM-L6-v2/resolve/main/config.json "HTTP/1.1 307 Temporary Redirect"
2026-08-06 20:19:36,941 | INFO | HTTP Request: HEAD https://huggingface.co/api/resolve-cache/models/sentence-transformers/all-MiniLM-L6-v2/1110a243fdf4706b3f48f1d95db1a4f5529b4d41/config.json "HTTP/1.1 200 OK"
2026-08-06 20:19:40,880 | INFO | HTTP Request: HEAD https://huggingface.co/sentence-transformers/all-MiniLM-L6-v2/resolve/main/config.json "HTTP/1.1 307 Temporary Redirect"
2026-08-06 20:19:41,892 | INFO | HTTP Request: HEAD https://huggingface.co/api/resolve-cache/models/sentence-transformers/all-MiniLM-L6-v2/1110a243fdf4706b3f48f1d95db1a4f5529b4d41/config.json "HTTP/1.1 200 OK"
2026-08-06 20:19:42,774 | INFO | HTTP Request: HEAD https://huggingface.co/sentence-transformers/all-MiniLM-L6-v2/resolve/main/tokenizer_config.json "HTTP/1.1 307 Temporary Redirect"
2026-08-06 20:19:42,944 | INFO | HTTP Request: HEAD https://huggingface.co/api/resolve-cache/models/sentence-transformers/all-MiniLM-L6-v2/1110a243fdf4706b3f48f1d95db1a4f5529b4d41/tokenizer_config.json "HTTP/1.1 200 OK"
2026-08-06 20:19:43,446 | INFO | HTTP Request: GET https://huggingface.co/api/models/sentence-transformers/all-MiniLM-L6-v2/tree/main/additional_chat_templates?recursive=false&expand=false "HTTP/1.1 404 Not Found"
2026-08-06 20:19:43,770 | INFO | HTTP Request: GET https://huggingface.co/api/models/sentence-transformers/all-MiniLM-L6-v2/tree/main?recursive=true&expand=false "HTTP/1.1 200 OK"
2026-08-06 20:19:44,432 | INFO | HTTP Request: HEAD https://huggingface.co/sentence-transformers/all-MiniLM-L6-v2/resolve/main/1_Pooling/config.json "HTTP/1.1 307 Temporary Redirect"
2026-08-06 20:19:44,565 | INFO | HTTP Request: HEAD https://huggingface.co/api/resolve-cache/models/sentence-transformers/all-MiniLM-L6-v2/1110a243fdf4706b3f48f1d95db1a4f5529b4d41/1_Pooling%2Fconfig.json "HTTP/1.1 200 OK"
2026-08-06 20:19:45,144 | INFO | HTTP Request: GET https://huggingface.co/api/models/sentence-transformers/all-MiniLM-L6-v2 "HTTP/1.1 200 OK"
2026-08-06 20:19:45,177 | INFO | Model Loaded : all-MiniLM-L6-v2
2026-08-06 20:19:45,661 | INFO | ============================================================
2026-08-06 20:19:45,661 | INFO | Preferred Domain Received = Full Stack Development
2026-08-06 20:19:45,662 | INFO | ============================================================
2026-08-06 20:19:45,698 | INFO | Top 10 Recommendations Generated
